-- phpMyAdmin SQL Dump
-- version 5.1.1
-- https://www.phpmyadmin.net/
--
-- Host: 127.0.0.1
-- Generation Time: Dec 06, 2022 at 08:32 PM
-- Server version: 10.4.22-MariaDB
-- PHP Version: 8.0.15

SET SQL_MODE = "NO_AUTO_VALUE_ON_ZERO";
START TRANSACTION;
SET time_zone = "+00:00";


/*!40101 SET @OLD_CHARACTER_SET_CLIENT=@@CHARACTER_SET_CLIENT */;
/*!40101 SET @OLD_CHARACTER_SET_RESULTS=@@CHARACTER_SET_RESULTS */;
/*!40101 SET @OLD_COLLATION_CONNECTION=@@COLLATION_CONNECTION */;
/*!40101 SET NAMES utf8mb4 */;

--
-- Database: `homehutbd`
--

-- --------------------------------------------------------

--
-- Table structure for table `admins`
--

CREATE TABLE `admins` (
  `id` bigint(20) UNSIGNED NOT NULL,
  `username` varchar(255) COLLATE utf8mb4_unicode_ci NOT NULL,
  `phone` int(11) NOT NULL,
  `email` varchar(255) COLLATE utf8mb4_unicode_ci NOT NULL,
  `profile_image` varchar(255) COLLATE utf8mb4_unicode_ci NOT NULL,
  `password` varchar(255) COLLATE utf8mb4_unicode_ci NOT NULL,
  `status` tinyint(4) NOT NULL DEFAULT 0,
  `email_verified_at` timestamp NULL DEFAULT NULL,
  `remember_token` varchar(100) COLLATE utf8mb4_unicode_ci DEFAULT NULL,
  `created_at` timestamp NULL DEFAULT NULL,
  `updated_at` timestamp NULL DEFAULT NULL
) ENGINE=InnoDB DEFAULT CHARSET=utf8mb4 COLLATE=utf8mb4_unicode_ci;

--
-- Dumping data for table `admins`
--

INSERT INTO `admins` (`id`, `username`, `phone`, `email`, `profile_image`, `password`, `status`, `email_verified_at`, `remember_token`, `created_at`, `updated_at`) VALUES
(1, 'Sohel Rana', 1775484658, 'sohel@gmail.com', '638b73cc31903admins.jpg', '$2y$10$s5Uvb1uZnjzwK0B2S//ZQOPFq.0fnyVyVR9yTmSZYrwBi8sZDh53i', 0, NULL, NULL, '2022-09-20 05:39:24', '2022-12-03 16:05:32');

-- --------------------------------------------------------

--
-- Table structure for table `banners`
--

CREATE TABLE `banners` (
  `id` bigint(20) UNSIGNED NOT NULL,
  `admin_id` int(11) NOT NULL,
  `title` varchar(255) COLLATE utf8mb4_unicode_ci DEFAULT NULL,
  `subtitle` varchar(255) COLLATE utf8mb4_unicode_ci DEFAULT NULL,
  `discount` varchar(255) COLLATE utf8mb4_unicode_ci DEFAULT NULL,
  `banner` varchar(255) COLLATE utf8mb4_unicode_ci NOT NULL,
  `created_at` timestamp NULL DEFAULT NULL,
  `updated_at` timestamp NULL DEFAULT NULL,
  `status` int(11) NOT NULL DEFAULT 0
) ENGINE=InnoDB DEFAULT CHARSET=utf8mb4 COLLATE=utf8mb4_unicode_ci;

--
-- Dumping data for table `banners`
--

INSERT INTO `banners` (`id`, `admin_id`, `title`, `subtitle`, `discount`, `banner`, `created_at`, `updated_at`, `status`) VALUES
(1, 1, 'Men Fashom', 'New Product', '20', '638b8434441d9banners.jpg', '2022-11-18 18:31:56', '2022-12-03 17:15:32', 1),
(2, 1, 'Men Fashon', 'New Fashon Product', '15', '638b843ea969abanners.jpg', '2022-11-18 18:33:11', '2022-12-03 17:15:42', 1);

-- --------------------------------------------------------

--
-- Table structure for table `brands`
--

CREATE TABLE `brands` (
  `id` bigint(20) UNSIGNED NOT NULL,
  `added_by` int(11) NOT NULL,
  `name` varchar(255) COLLATE utf8mb4_unicode_ci NOT NULL,
  `logo` varchar(255) COLLATE utf8mb4_unicode_ci NOT NULL,
  `meta_title` varchar(255) COLLATE utf8mb4_unicode_ci NOT NULL,
  `meta_descp` varchar(255) COLLATE utf8mb4_unicode_ci NOT NULL,
  `created_at` timestamp NULL DEFAULT NULL,
  `updated_at` timestamp NULL DEFAULT NULL
) ENGINE=InnoDB DEFAULT CHARSET=utf8mb4 COLLATE=utf8mb4_unicode_ci;

--
-- Dumping data for table `brands`
--

INSERT INTO `brands` (`id`, `added_by`, `name`, `logo`, `meta_title`, `meta_descp`, `created_at`, `updated_at`) VALUES
(1, 1, 'Acer', 'brand638b87fb48278.png', 'Acer', 'Acer', '2022-09-23 04:14:31', '2022-12-03 17:31:39'),
(13, 1, 'Jamuna', 'brand638b87b55920b.png', 'Jamuna', 'Jamuna', '2022-09-23 04:54:38', '2022-12-03 17:30:29'),
(14, 1, 'Gentle Park', 'brand638b87aa87315.png', 'Gentle Park', 'Gentle Park', '2022-09-23 04:54:59', '2022-12-03 17:30:18'),
(15, 1, 'Minister', 'brand638b87a055985.png', 'Minister', 'Minister', '2022-09-23 04:55:21', '2022-12-03 17:30:08'),
(16, 1, 'Apex', 'brand638b8794586bb.png', 'Apex', 'Apex', '2022-09-23 04:55:37', '2022-12-03 17:29:56'),
(17, 1, 'Fortune', 'brand638b878998f8c.png', 'Fortune', 'Fortune', '2022-09-23 04:56:04', '2022-12-03 17:29:45'),
(18, 1, 'Tissot', 'brand638b877bbbc1a.png', 'Tissot', 'Tissot', '2022-09-23 04:56:28', '2022-12-03 17:29:31'),
(19, 1, 'Curren', 'brand638b876f87aa7.png', 'Curren', 'Curren', '2022-09-23 04:56:48', '2022-12-03 17:29:19'),
(20, 1, 'Bata', 'brand638b875ce44ad.png', 'Bata', 'Bata', '2022-09-23 04:57:05', '2022-12-03 17:29:00'),
(21, 1, 'Singer', 'brand638b874fb30a7.png', 'Singer', 'Singer', '2022-09-23 04:57:24', '2022-12-03 17:28:47');

-- --------------------------------------------------------

--
-- Table structure for table `carts`
--

CREATE TABLE `carts` (
  `id` bigint(20) UNSIGNED NOT NULL,
  `user_id` bigint(20) UNSIGNED NOT NULL,
  `product_id` bigint(20) UNSIGNED NOT NULL,
  `color_id` varchar(255) COLLATE utf8mb4_unicode_ci DEFAULT NULL,
  `size_id` varchar(255) COLLATE utf8mb4_unicode_ci DEFAULT NULL,
  `quntity` int(11) NOT NULL,
  `created_at` timestamp NULL DEFAULT NULL,
  `updated_at` timestamp NULL DEFAULT NULL
) ENGINE=InnoDB DEFAULT CHARSET=utf8mb4 COLLATE=utf8mb4_unicode_ci;

--
-- Dumping data for table `carts`
--

INSERT INTO `carts` (`id`, `user_id`, `product_id`, `color_id`, `size_id`, `quntity`, `created_at`, `updated_at`) VALUES
(28, 2, 6, NULL, NULL, 3, '2022-11-18 16:56:57', '2022-11-20 10:52:23'),
(29, 2, 5, NULL, NULL, 4, '2022-11-20 10:52:39', '2022-11-20 11:13:22');

-- --------------------------------------------------------

--
-- Table structure for table `categories`
--

CREATE TABLE `categories` (
  `id` bigint(20) UNSIGNED NOT NULL,
  `admin_id` int(11) NOT NULL,
  `name` varchar(255) COLLATE utf8mb4_unicode_ci NOT NULL,
  `banner` varchar(255) COLLATE utf8mb4_unicode_ci NOT NULL,
  `meta_title` varchar(255) COLLATE utf8mb4_unicode_ci NOT NULL,
  `meta_descp` varchar(255) COLLATE utf8mb4_unicode_ci NOT NULL,
  `created_at` timestamp NULL DEFAULT NULL,
  `updated_at` timestamp NULL DEFAULT NULL
) ENGINE=InnoDB DEFAULT CHARSET=utf8mb4 COLLATE=utf8mb4_unicode_ci;

--
-- Dumping data for table `categories`
--

INSERT INTO `categories` (`id`, `admin_id`, `name`, `banner`, `meta_title`, `meta_descp`, `created_at`, `updated_at`) VALUES
(1, 1, 'Women  Fashion', '638b84a64b9a6categories.jpg', 'Women Clothing & Fashion', 'Women Clothing & Fashion', '2022-09-21 10:30:35', '2022-12-03 17:17:26'),
(2, 1, 'Men  Fashion', '638b849913df2categories.jpg', 'Men Clothing & Fashion', 'Men Clothing & Fashion', '2022-09-21 10:36:54', '2022-12-03 17:17:13'),
(3, 1, 'Computer & Accessories', '638b848bbdb45categories.jpg', 'Computer & Accessories', 'Computer & Accessories', '2022-09-21 10:37:31', '2022-12-03 17:16:59'),
(4, 1, 'Sports & outdoor', '638b847608946categories.jpg', 'Sports & outdoor', 'Sports & outdoor', '2022-09-21 10:39:35', '2022-12-03 17:16:38'),
(5, 1, 'Jewelry & Watches', '638b846a2dd44categories.jpg', 'Jewelry & Watches', 'Jewelry & Watches', '2022-09-21 10:40:11', '2022-12-03 17:16:26'),
(6, 1, 'Kids & toy', '638b847f8a2ddcategories.jpg', 'Kids & toy', 'Kids & toy', '2022-09-21 10:40:54', '2022-12-03 17:16:47');

-- --------------------------------------------------------

--
-- Table structure for table `colors`
--

CREATE TABLE `colors` (
  `id` bigint(20) UNSIGNED NOT NULL,
  `name` varchar(255) COLLATE utf8mb4_unicode_ci NOT NULL,
  `code` varchar(255) COLLATE utf8mb4_unicode_ci NOT NULL,
  `created_at` timestamp NULL DEFAULT NULL,
  `updated_at` timestamp NULL DEFAULT NULL
) ENGINE=InnoDB DEFAULT CHARSET=utf8mb4 COLLATE=utf8mb4_unicode_ci;

--
-- Dumping data for table `colors`
--

INSERT INTO `colors` (`id`, `name`, `code`, `created_at`, `updated_at`) VALUES
(1, 'NA', '#fff', '2022-09-23 09:38:05', '2022-10-22 16:46:47'),
(2, 'White', '#FFFFFF', '2022-09-23 09:38:19', NULL),
(3, 'Blue', '#0000FF', '2022-09-23 09:38:36', NULL),
(4, 'Silver', '#C0C0C0', '2022-09-23 09:38:52', NULL),
(6, 'Black', '#000000', '2022-09-23 09:39:30', NULL),
(9, 'Orange', '#FFA500', '2022-09-23 09:40:14', NULL),
(10, 'Yellow', '#FFFF00', '2022-09-23 09:40:46', NULL),
(11, 'Green', '#008000', '2022-09-23 09:41:15', NULL),
(13, 'Pink', '#FFC0CB', '2022-09-23 09:41:45', NULL),
(18, 'Red', '#FF0000', '2022-10-22 16:47:46', NULL);

-- --------------------------------------------------------

--
-- Table structure for table `contact_info_widgets`
--

CREATE TABLE `contact_info_widgets` (
  `id` bigint(20) UNSIGNED NOT NULL,
  `address` varchar(255) COLLATE utf8mb4_unicode_ci DEFAULT NULL,
  `email` varchar(255) COLLATE utf8mb4_unicode_ci DEFAULT NULL,
  `number` varchar(255) COLLATE utf8mb4_unicode_ci DEFAULT NULL,
  `created_at` timestamp NULL DEFAULT NULL,
  `updated_at` timestamp NULL DEFAULT NULL
) ENGINE=InnoDB DEFAULT CHARSET=utf8mb4 COLLATE=utf8mb4_unicode_ci;

--
-- Dumping data for table `contact_info_widgets`
--

INSERT INTO `contact_info_widgets` (`id`, `address`, `email`, `number`, `created_at`, `updated_at`) VALUES
(2, '123 khulna, khulna, Bangladesh', 'homehutbd@gmail.com', '01725869327', NULL, '2022-11-25 15:49:06');

-- --------------------------------------------------------

--
-- Table structure for table `copyrights`
--

CREATE TABLE `copyrights` (
  `id` bigint(20) UNSIGNED NOT NULL,
  `copyright` varchar(255) COLLATE utf8mb4_unicode_ci DEFAULT NULL,
  `created_at` timestamp NULL DEFAULT NULL,
  `updated_at` timestamp NULL DEFAULT NULL
) ENGINE=InnoDB DEFAULT CHARSET=utf8mb4 COLLATE=utf8mb4_unicode_ci;

--
-- Dumping data for table `copyrights`
--

INSERT INTO `copyrights` (`id`, `copyright`, `created_at`, `updated_at`) VALUES
(1, '©homehutbd ecommerce 2022', NULL, '2022-11-25 16:27:20');

-- --------------------------------------------------------

--
-- Table structure for table `coupons`
--

CREATE TABLE `coupons` (
  `id` bigint(20) UNSIGNED NOT NULL,
  `name` varchar(255) COLLATE utf8mb4_unicode_ci NOT NULL,
  `discount` int(11) NOT NULL,
  `validity` date NOT NULL,
  `status` int(11) NOT NULL DEFAULT 0,
  `created_at` timestamp NULL DEFAULT NULL,
  `updated_at` timestamp NULL DEFAULT NULL
) ENGINE=InnoDB DEFAULT CHARSET=utf8mb4 COLLATE=utf8mb4_unicode_ci;

--
-- Dumping data for table `coupons`
--

INSERT INTO `coupons` (`id`, `name`, `discount`, `validity`, `status`, `created_at`, `updated_at`) VALUES
(2, 'summer 10', 10, '2022-10-14', 0, '2022-10-15 15:22:27', NULL),
(3, 'sohel 20', 20, '2022-10-18', 0, '2022-10-15 15:28:01', NULL),
(4, 'test20', 20, '2022-10-30', 0, '2022-10-21 10:51:48', NULL),
(5, 'homehutbd10', 10, '2022-10-27', 0, '2022-10-21 10:55:54', NULL),
(6, 'tamu20', 20, '2022-11-24', 0, '2022-11-01 09:31:30', NULL);

-- --------------------------------------------------------

--
-- Table structure for table `districts`
--

CREATE TABLE `districts` (
  `id` int(2) NOT NULL,
  `division_id` int(1) NOT NULL,
  `name` varchar(25) NOT NULL,
  `bn_name` varchar(25) NOT NULL,
  `lat` varchar(15) DEFAULT NULL,
  `lon` varchar(15) DEFAULT NULL,
  `url` varchar(50) NOT NULL
) ENGINE=InnoDB DEFAULT CHARSET=utf8mb4;

--
-- Dumping data for table `districts`
--

INSERT INTO `districts` (`id`, `division_id`, `name`, `bn_name`, `lat`, `lon`, `url`) VALUES
(1, 1, 'Comilla', 'কুমিল্লা', '23.4682747', '91.1788135', 'www.comilla.gov.bd'),
(2, 1, 'Feni', 'ফেনী', '23.023231', '91.3840844', 'www.feni.gov.bd'),
(3, 1, 'Brahmanbaria', 'ব্রাহ্মণবাড়িয়া', '23.9570904', '91.1119286', 'www.brahmanbaria.gov.bd'),
(4, 1, 'Rangamati', 'রাঙ্গামাটি', '22.65561018', '92.17541121', 'www.rangamati.gov.bd'),
(5, 1, 'Noakhali', 'নোয়াখালী', '22.869563', '91.099398', 'www.noakhali.gov.bd'),
(6, 1, 'Chandpur', 'চাঁদপুর', '23.2332585', '90.6712912', 'www.chandpur.gov.bd'),
(7, 1, 'Lakshmipur', 'লক্ষ্মীপুর', '22.942477', '90.841184', 'www.lakshmipur.gov.bd'),
(8, 1, 'Chattogram', 'চট্টগ্রাম', '22.335109', '91.834073', 'www.chittagong.gov.bd'),
(9, 1, 'Coxsbazar', 'কক্সবাজার', '21.44315751', '91.97381741', 'www.coxsbazar.gov.bd'),
(10, 1, 'Khagrachhari', 'খাগড়াছড়ি', '23.119285', '91.984663', 'www.khagrachhari.gov.bd'),
(11, 1, 'Bandarban', 'বান্দরবান', '22.1953275', '92.2183773', 'www.bandarban.gov.bd'),
(12, 2, 'Sirajganj', 'সিরাজগঞ্জ', '24.4533978', '89.7006815', 'www.sirajganj.gov.bd'),
(13, 2, 'Pabna', 'পাবনা', '23.998524', '89.233645', 'www.pabna.gov.bd'),
(14, 2, 'Bogura', 'বগুড়া', '24.8465228', '89.377755', 'www.bogra.gov.bd'),
(15, 2, 'Rajshahi', 'রাজশাহী', '24.37230298', '88.56307623', 'www.rajshahi.gov.bd'),
(16, 2, 'Natore', 'নাটোর', '24.420556', '89.000282', 'www.natore.gov.bd'),
(17, 2, 'Joypurhat', 'জয়পুরহাট', '25.09636876', '89.04004280', 'www.joypurhat.gov.bd'),
(18, 2, 'Chapainawabganj', 'চাঁপাইনবাবগঞ্জ', '24.5965034', '88.2775122', 'www.chapainawabganj.gov.bd'),
(19, 2, 'Naogaon', 'নওগাঁ', '24.83256191', '88.92485205', 'www.naogaon.gov.bd'),
(20, 3, 'Jashore', 'যশোর', '23.16643', '89.2081126', 'www.jessore.gov.bd'),
(21, 3, 'Satkhira', 'সাতক্ষীরা', NULL, NULL, 'www.satkhira.gov.bd'),
(22, 3, 'Meherpur', 'মেহেরপুর', '23.762213', '88.631821', 'www.meherpur.gov.bd'),
(23, 3, 'Narail', 'নড়াইল', '23.172534', '89.512672', 'www.narail.gov.bd'),
(24, 3, 'Chuadanga', 'চুয়াডাঙ্গা', '23.6401961', '88.841841', 'www.chuadanga.gov.bd'),
(25, 3, 'Kushtia', 'কুষ্টিয়া', '23.901258', '89.120482', 'www.kushtia.gov.bd'),
(26, 3, 'Magura', 'মাগুরা', '23.487337', '89.419956', 'www.magura.gov.bd'),
(27, 3, 'Khulna', 'খুলনা', '22.815774', '89.568679', 'www.khulna.gov.bd'),
(28, 3, 'Bagerhat', 'বাগেরহাট', '22.651568', '89.785938', 'www.bagerhat.gov.bd'),
(29, 3, 'Jhenaidah', 'ঝিনাইদহ', '23.5448176', '89.1539213', 'www.jhenaidah.gov.bd'),
(30, 4, 'Jhalakathi', 'ঝালকাঠি', NULL, NULL, 'www.jhalakathi.gov.bd'),
(31, 4, 'Patuakhali', 'পটুয়াখালী', '22.3596316', '90.3298712', 'www.patuakhali.gov.bd'),
(32, 4, 'Pirojpur', 'পিরোজপুর', NULL, NULL, 'www.pirojpur.gov.bd'),
(33, 4, 'Barisal', 'বরিশাল', NULL, NULL, 'www.barisal.gov.bd'),
(34, 4, 'Bhola', 'ভোলা', '22.685923', '90.648179', 'www.bhola.gov.bd'),
(35, 4, 'Barguna', 'বরগুনা', NULL, NULL, 'www.barguna.gov.bd'),
(36, 5, 'Sylhet', 'সিলেট', '24.8897956', '91.8697894', 'www.sylhet.gov.bd'),
(37, 5, 'Moulvibazar', 'মৌলভীবাজার', '24.482934', '91.777417', 'www.moulvibazar.gov.bd'),
(38, 5, 'Habiganj', 'হবিগঞ্জ', '24.374945', '91.41553', 'www.habiganj.gov.bd'),
(39, 5, 'Sunamganj', 'সুনামগঞ্জ', '25.0658042', '91.3950115', 'www.sunamganj.gov.bd'),
(40, 6, 'Narsingdi', 'নরসিংদী', '23.932233', '90.71541', 'www.narsingdi.gov.bd'),
(41, 6, 'Gazipur', 'গাজীপুর', '24.0022858', '90.4264283', 'www.gazipur.gov.bd'),
(42, 6, 'Shariatpur', 'শরীয়তপুর', NULL, NULL, 'www.shariatpur.gov.bd'),
(43, 6, 'Narayanganj', 'নারায়ণগঞ্জ', '23.63366', '90.496482', 'www.narayanganj.gov.bd'),
(44, 6, 'Tangail', 'টাঙ্গাইল', '24.26361358', '89.91794786', 'www.tangail.gov.bd'),
(45, 6, 'Kishoreganj', 'কিশোরগঞ্জ', '24.444937', '90.776575', 'www.kishoreganj.gov.bd'),
(46, 6, 'Manikganj', 'মানিকগঞ্জ', NULL, NULL, 'www.manikganj.gov.bd'),
(47, 6, 'Dhaka', 'ঢাকা', '23.7115253', '90.4111451', 'www.dhaka.gov.bd'),
(48, 6, 'Munshiganj', 'মুন্সিগঞ্জ', NULL, NULL, 'www.munshiganj.gov.bd'),
(49, 6, 'Rajbari', 'রাজবাড়ী', '23.7574305', '89.6444665', 'www.rajbari.gov.bd'),
(50, 6, 'Madaripur', 'মাদারীপুর', '23.164102', '90.1896805', 'www.madaripur.gov.bd'),
(51, 6, 'Gopalganj', 'গোপালগঞ্জ', '23.0050857', '89.8266059', 'www.gopalganj.gov.bd'),
(52, 6, 'Faridpur', 'ফরিদপুর', '23.6070822', '89.8429406', 'www.faridpur.gov.bd'),
(53, 7, 'Panchagarh', 'পঞ্চগড়', '26.3411', '88.5541606', 'www.panchagarh.gov.bd'),
(54, 7, 'Dinajpur', 'দিনাজপুর', '25.6217061', '88.6354504', 'www.dinajpur.gov.bd'),
(55, 7, 'Lalmonirhat', 'লালমনিরহাট', NULL, NULL, 'www.lalmonirhat.gov.bd'),
(56, 7, 'Nilphamari', 'নীলফামারী', '25.931794', '88.856006', 'www.nilphamari.gov.bd'),
(57, 7, 'Gaibandha', 'গাইবান্ধা', '25.328751', '89.528088', 'www.gaibandha.gov.bd'),
(58, 7, 'Thakurgaon', 'ঠাকুরগাঁও', '26.0336945', '88.4616834', 'www.thakurgaon.gov.bd'),
(59, 7, 'Rangpur', 'রংপুর', '25.7558096', '89.244462', 'www.rangpur.gov.bd'),
(60, 7, 'Kurigram', 'কুড়িগ্রাম', '25.805445', '89.636174', 'www.kurigram.gov.bd'),
(61, 8, 'Sherpur', 'শেরপুর', '25.0204933', '90.0152966', 'www.sherpur.gov.bd'),
(62, 8, 'Mymensingh', 'ময়মনসিংহ', '24.7465670', '90.4072093', 'www.mymensingh.gov.bd'),
(63, 8, 'Jamalpur', 'জামালপুর', '24.937533', '89.937775', 'www.jamalpur.gov.bd'),
(64, 8, 'Netrokona', 'নেত্রকোণা', '24.870955', '90.727887', 'www.netrokona.gov.bd');

-- --------------------------------------------------------

--
-- Table structure for table `divisions`
--

CREATE TABLE `divisions` (
  `id` int(1) NOT NULL,
  `name` varchar(25) NOT NULL,
  `bn_name` varchar(25) NOT NULL,
  `url` varchar(50) NOT NULL
) ENGINE=InnoDB DEFAULT CHARSET=utf8;

--
-- Dumping data for table `divisions`
--

INSERT INTO `divisions` (`id`, `name`, `bn_name`, `url`) VALUES
(1, 'Chattagram', 'চট্টগ্রাম', 'www.chittagongdiv.gov.bd'),
(2, 'Rajshahi', 'রাজশাহী', 'www.rajshahidiv.gov.bd'),
(3, 'Khulna', 'খুলনা', 'www.khulnadiv.gov.bd'),
(4, 'Barisal', 'বরিশাল', 'www.barisaldiv.gov.bd'),
(5, 'Sylhet', 'সিলেট', 'www.sylhetdiv.gov.bd'),
(6, 'Dhaka', 'ঢাকা', 'www.dhakadiv.gov.bd'),
(7, 'Rangpur', 'রংপুর', 'www.rangpurdiv.gov.bd'),
(8, 'Mymensingh', 'ময়মনসিংহ', 'www.mymensinghdiv.gov.bd');

-- --------------------------------------------------------

--
-- Table structure for table `failed_jobs`
--

CREATE TABLE `failed_jobs` (
  `id` bigint(20) UNSIGNED NOT NULL,
  `uuid` varchar(255) COLLATE utf8mb4_unicode_ci NOT NULL,
  `connection` text COLLATE utf8mb4_unicode_ci NOT NULL,
  `queue` text COLLATE utf8mb4_unicode_ci NOT NULL,
  `payload` longtext COLLATE utf8mb4_unicode_ci NOT NULL,
  `exception` longtext COLLATE utf8mb4_unicode_ci NOT NULL,
  `failed_at` timestamp NOT NULL DEFAULT current_timestamp()
) ENGINE=InnoDB DEFAULT CHARSET=utf8mb4 COLLATE=utf8mb4_unicode_ci;

-- --------------------------------------------------------

--
-- Table structure for table `header_settings`
--

CREATE TABLE `header_settings` (
  `id` bigint(20) UNSIGNED NOT NULL,
  `site_icon` varchar(255) COLLATE utf8mb4_unicode_ci DEFAULT NULL,
  `site_logo` varchar(255) COLLATE utf8mb4_unicode_ci DEFAULT NULL,
  `help_number` varchar(255) COLLATE utf8mb4_unicode_ci DEFAULT NULL,
  `created_at` timestamp NULL DEFAULT NULL,
  `updated_at` timestamp NULL DEFAULT NULL
) ENGINE=InnoDB DEFAULT CHARSET=utf8mb4 COLLATE=utf8mb4_unicode_ci;

--
-- Dumping data for table `header_settings`
--

INSERT INTO `header_settings` (`id`, `site_icon`, `site_logo`, `help_number`, `created_at`, `updated_at`) VALUES
(4, '638b7e80622aasite_icon.jpg', '638b7e807b06asite_logo.jpg', '01758542585', '2022-11-25 11:38:40', '2022-12-03 16:51:12');

-- --------------------------------------------------------

--
-- Table structure for table `migrations`
--

CREATE TABLE `migrations` (
  `id` int(10) UNSIGNED NOT NULL,
  `migration` varchar(255) COLLATE utf8mb4_unicode_ci NOT NULL,
  `batch` int(11) NOT NULL
) ENGINE=InnoDB DEFAULT CHARSET=utf8mb4 COLLATE=utf8mb4_unicode_ci;

--
-- Dumping data for table `migrations`
--

INSERT INTO `migrations` (`id`, `migration`, `batch`) VALUES
(1, '2014_10_12_000000_create_users_table', 1),
(2, '2014_10_12_100000_create_password_resets_table', 1),
(3, '2019_08_19_000000_create_failed_jobs_table', 1),
(4, '2019_12_14_000001_create_personal_access_tokens_table', 1),
(5, '2022_09_06_071259_create_admins_table', 1),
(6, '2022_09_17_154204_create_categories_table', 1),
(7, '2022_09_22_110549_create_subcategories_table', 2),
(8, '2022_09_23_100936_create_brands_table', 3),
(9, '2022_09_23_151057_create_colors_table', 4),
(10, '2022_09_23_175325_create_sizes_table', 5),
(45, '2022_09_27_191112_create_products_table', 6),
(46, '2022_09_28_233331_create_product_galleries_table', 6),
(47, '2022_09_29_003039_create_product_shipping_configs_table', 6),
(48, '2022_09_29_004104_create_product_flash_deals_table', 6),
(49, '2022_10_04_001056_create_size_variations_table', 6),
(50, '2022_10_04_001934_create_color_variations_table', 6),
(51, '2022_10_10_223335_create_carts_table', 7),
(52, '2022_10_15_210747_create_coupons_table', 8),
(54, '2022_10_21_162217_create_orders_table', 9),
(56, '2022_10_21_172758_create_order_billing_details_table', 10),
(58, '2022_10_21_175117_create_order_product_details_table', 11),
(59, '2022_10_21_214314_create_product_variations_table', 12),
(60, '2022_11_19_002350_create_banners_table', 13),
(61, '2022_11_20_161601_add_status_to_banners_table', 14),
(62, '2022_11_25_153739_create_header_settings_table', 15),
(63, '2022_11_25_170811_create_contact_info_widgets_table', 16),
(64, '2022_11_25_215138_create_stay_informeds_table', 17),
(65, '2022_11_25_221014_create_copyrights_table', 18);

-- --------------------------------------------------------

--
-- Table structure for table `orders`
--

CREATE TABLE `orders` (
  `id` bigint(20) UNSIGNED NOT NULL,
  `user_id` bigint(20) UNSIGNED NOT NULL,
  `sub_total` double(20,2) NOT NULL,
  `discount` int(11) NOT NULL,
  `total` double(20,2) NOT NULL,
  `delivery_charge` int(11) NOT NULL,
  `payment_method` varchar(255) COLLATE utf8mb4_unicode_ci NOT NULL,
  `payment_status` varchar(255) COLLATE utf8mb4_unicode_ci DEFAULT NULL,
  `created_at` timestamp NULL DEFAULT NULL,
  `updated_at` timestamp NULL DEFAULT NULL
) ENGINE=InnoDB DEFAULT CHARSET=utf8mb4 COLLATE=utf8mb4_unicode_ci;

--
-- Dumping data for table `orders`
--

INSERT INTO `orders` (`id`, `user_id`, `sub_total`, `discount`, `total`, `delivery_charge`, `payment_method`, `payment_status`, `created_at`, `updated_at`) VALUES
(1, 2, 2380.00, 20, 1964.00, 60, '1', NULL, '2022-11-18 16:40:27', NULL);

-- --------------------------------------------------------

--
-- Table structure for table `order_billing_details`
--

CREATE TABLE `order_billing_details` (
  `id` bigint(20) UNSIGNED NOT NULL,
  `order_id` bigint(20) UNSIGNED NOT NULL,
  `fname` varchar(255) COLLATE utf8mb4_unicode_ci NOT NULL,
  `lname` varchar(255) COLLATE utf8mb4_unicode_ci NOT NULL,
  `email` varchar(255) COLLATE utf8mb4_unicode_ci NOT NULL,
  `phone_number` varchar(255) COLLATE utf8mb4_unicode_ci NOT NULL,
  `country` varchar(255) COLLATE utf8mb4_unicode_ci NOT NULL,
  `division` varchar(255) COLLATE utf8mb4_unicode_ci NOT NULL,
  `district` varchar(255) COLLATE utf8mb4_unicode_ci NOT NULL,
  `sub_district` varchar(255) COLLATE utf8mb4_unicode_ci NOT NULL,
  `state` varchar(255) COLLATE utf8mb4_unicode_ci NOT NULL,
  `zip_code` varchar(255) COLLATE utf8mb4_unicode_ci NOT NULL,
  `address` varchar(255) COLLATE utf8mb4_unicode_ci NOT NULL,
  `order_note` varchar(255) COLLATE utf8mb4_unicode_ci DEFAULT NULL,
  `created_at` timestamp NULL DEFAULT NULL,
  `updated_at` timestamp NULL DEFAULT NULL
) ENGINE=InnoDB DEFAULT CHARSET=utf8mb4 COLLATE=utf8mb4_unicode_ci;

--
-- Dumping data for table `order_billing_details`
--

INSERT INTO `order_billing_details` (`id`, `order_id`, `fname`, `lname`, `email`, `phone_number`, `country`, `division`, `district`, `sub_district`, `state`, `zip_code`, `address`, `order_note`, `created_at`, `updated_at`) VALUES
(1, 1, 'Ferris', 'Jennings', 'sohel@gmail.com', '1758896523', '1', '2', '12', '104', 'jjj', '14', 'kkk', 'kk', '2022-11-18 16:40:27', NULL);

-- --------------------------------------------------------

--
-- Table structure for table `order_product_details`
--

CREATE TABLE `order_product_details` (
  `id` bigint(20) UNSIGNED NOT NULL,
  `order_id` bigint(20) UNSIGNED NOT NULL,
  `product_id` bigint(20) UNSIGNED NOT NULL,
  `product_name` varchar(255) COLLATE utf8mb4_unicode_ci NOT NULL,
  `product_price` varchar(255) COLLATE utf8mb4_unicode_ci NOT NULL,
  `quantity` varchar(255) COLLATE utf8mb4_unicode_ci NOT NULL,
  `color` varchar(255) COLLATE utf8mb4_unicode_ci DEFAULT NULL,
  `size` varchar(255) COLLATE utf8mb4_unicode_ci DEFAULT NULL,
  `created_at` timestamp NULL DEFAULT NULL,
  `updated_at` timestamp NULL DEFAULT NULL
) ENGINE=InnoDB DEFAULT CHARSET=utf8mb4 COLLATE=utf8mb4_unicode_ci;

--
-- Dumping data for table `order_product_details`
--

INSERT INTO `order_product_details` (`id`, `order_id`, `product_id`, `product_name`, `product_price`, `quantity`, `color`, `size`, `created_at`, `updated_at`) VALUES
(1, 1, 4, 'Digital Printed Short Sleeve T-Shirt for Men', '250', '7', '1', '3', '2022-11-18 16:40:27', NULL),
(2, 1, 6, 'New Jersey For Man', '315', '2', '2', '2', '2022-11-18 16:40:27', NULL);

-- --------------------------------------------------------

--
-- Table structure for table `password_resets`
--

CREATE TABLE `password_resets` (
  `email` varchar(255) COLLATE utf8mb4_unicode_ci NOT NULL,
  `token` varchar(255) COLLATE utf8mb4_unicode_ci NOT NULL,
  `created_at` timestamp NULL DEFAULT NULL
) ENGINE=InnoDB DEFAULT CHARSET=utf8mb4 COLLATE=utf8mb4_unicode_ci;

-- --------------------------------------------------------

--
-- Table structure for table `personal_access_tokens`
--

CREATE TABLE `personal_access_tokens` (
  `id` bigint(20) UNSIGNED NOT NULL,
  `tokenable_type` varchar(255) COLLATE utf8mb4_unicode_ci NOT NULL,
  `tokenable_id` bigint(20) UNSIGNED NOT NULL,
  `name` varchar(255) COLLATE utf8mb4_unicode_ci NOT NULL,
  `token` varchar(64) COLLATE utf8mb4_unicode_ci NOT NULL,
  `abilities` text COLLATE utf8mb4_unicode_ci DEFAULT NULL,
  `last_used_at` timestamp NULL DEFAULT NULL,
  `expires_at` timestamp NULL DEFAULT NULL,
  `created_at` timestamp NULL DEFAULT NULL,
  `updated_at` timestamp NULL DEFAULT NULL
) ENGINE=InnoDB DEFAULT CHARSET=utf8mb4 COLLATE=utf8mb4_unicode_ci;

-- --------------------------------------------------------

--
-- Table structure for table `products`
--

CREATE TABLE `products` (
  `id` bigint(20) UNSIGNED NOT NULL,
  `added_by` int(11) NOT NULL,
  `productName` varchar(255) COLLATE utf8mb4_unicode_ci NOT NULL,
  `category_id` int(11) NOT NULL,
  `subcategory_id` int(11) NOT NULL,
  `brand_id` int(11) DEFAULT NULL,
  `weight` varchar(255) COLLATE utf8mb4_unicode_ci DEFAULT NULL,
  `barcode` varchar(255) COLLATE utf8mb4_unicode_ci NOT NULL,
  `thumbnailImage` varchar(255) COLLATE utf8mb4_unicode_ci NOT NULL,
  `productPrice` int(11) NOT NULL,
  `discount` int(11) DEFAULT NULL,
  `after_discount` int(11) DEFAULT NULL,
  `discountDate` varchar(255) COLLATE utf8mb4_unicode_ci DEFAULT NULL,
  `quantity` int(11) DEFAULT NULL,
  `description` text COLLATE utf8mb4_unicode_ci NOT NULL,
  `meta_title` varchar(255) COLLATE utf8mb4_unicode_ci NOT NULL,
  `meta_descp` text COLLATE utf8mb4_unicode_ci DEFAULT NULL,
  `featured` varchar(255) COLLATE utf8mb4_unicode_ci DEFAULT NULL,
  `to_day_deal` varchar(255) COLLATE utf8mb4_unicode_ci DEFAULT NULL,
  `addToFlash` varchar(255) COLLATE utf8mb4_unicode_ci DEFAULT NULL,
  `vat` int(11) DEFAULT NULL,
  `tax` int(11) DEFAULT NULL,
  `status` int(11) DEFAULT NULL,
  `created_at` timestamp NULL DEFAULT NULL,
  `updated_at` timestamp NULL DEFAULT NULL
) ENGINE=InnoDB DEFAULT CHARSET=utf8mb4 COLLATE=utf8mb4_unicode_ci;

--
-- Dumping data for table `products`
--

INSERT INTO `products` (`id`, `added_by`, `productName`, `category_id`, `subcategory_id`, `brand_id`, `weight`, `barcode`, `thumbnailImage`, `productPrice`, `discount`, `after_discount`, `discountDate`, `quantity`, `description`, `meta_title`, `meta_descp`, `featured`, `to_day_deal`, `addToFlash`, `vat`, `tax`, `status`, `created_at`, `updated_at`) VALUES
(4, 1, 'football', 4, 14, NULL, NULL, 'football', 'NewthumbnailImageName638b86d367e62.png', 250, NULL, 250, NULL, 20, 'Digital Printed Short Sleeve\r\nL (CHEST 34 LENGTH 27) inch\r\nXL (CHEST 36 LENGTH 28) inch\r\nXXL (CHEST 38 LENGTH 29) inch\r\nযে কোন সমস্যায় ইনবক্স করুন রিপ্লাই পাবেন।\r\nআমাদের শপ Follow দিয়ে সাথে থাকুন।\r\nপ্রোডাক্ট রিসিভের পর অবশ্যই ভালো রিভিউ দিবেন।\r\nসতর্কতা=প্রোডাক্ট রিসিভের জন্য আপনার প্রদত্ত ফোন নাম্বার টি অবশ্যই সচল রাখুন।কল বা মেসেজ যাবে।\r\nANY TYPE OF PROBLEM WE WILL SOLVE', 'Digital Printed Short Sleeve', 'Digital Printed Short SleeveDigital Printed Short Sleeve', 'off', 'off', NULL, NULL, NULL, NULL, '2022-10-07 11:55:27', '2022-12-03 17:26:43'),
(5, 1, 'Half Sleeve Stylish Tshirt for Menz Fashion', 2, 2, NULL, NULL, 'Half Sleeve Stylis', 'NewthumbnailImageName638b8672461f5.png', 300, NULL, 300, NULL, 20, 'Product Type: T-shirt\r\n    Main Material: Organic poly Cotton\r\n    Gender: Men\r\n    Gsm: 160-170', 'Half Sleeve Stylish Tshirt for Menz Fashion', 'Half Sleeve Stylish Tshirt for Menz FashionHalf Sleeve Stylish Tshirt for Menz Fashion', 'off', 'on', NULL, NULL, 10, NULL, '2022-10-07 11:58:32', '2022-12-03 17:25:06'),
(6, 1, 'New Jersey For Man', 2, 4, NULL, NULL, 'New Jersey For Man', 'NewthumbnailImageName638b864dc085e.png', 350, 10, 315, NULL, 0, 'New Jersey For Man\r\n    Sport Type: All\r\n    Gender: Men\r\n    Material: Polyester\r\n    Sleeve Length: Half\r\n    Made in Bangladesh,\r\n    Measurement (In Inch) L( Chest 39\", Length 28\"), XL ( Chest 41\", Length 29\" XXL ( Chest 43\", Length 30\"\r\n\r\nThis product comes with very attractive design. The material used in it will meet your expectation and need also. Now with a new look it is even better than before and its quality will definitely meet your desire. So you may take this to bring smile and enjoy the feel of good quality product.', 'New Jersey For Man', 'New Jersey For ManNew Jersey For Man', 'on', 'on', NULL, NULL, NULL, NULL, '2022-10-07 12:02:02', '2022-12-03 17:24:29'),
(7, 1, 'Mens Shirt', 2, 2, 12, NULL, 'Plus par Saree', 'NewthumbnailImageName638b862563a70.png', 850, NULL, 850, NULL, 50, 'Product details of Plus par Saree for fashionable Women-Black color\r\n\r\n    Name:Saree.\r\n    Color:Same as picture.\r\n    Material:Cotton.\r\n    Size:±12.5 haat.\r\n    Price:Reasonable.\r\n    Occasion:Tradition,Culture & festves.\r\n    Easy to wash.', 'Plus par Saree for fashionable Women-Black color', 'Plus par Saree for fashionable Women-Black color', 'off', 'on', NULL, NULL, NULL, NULL, '2022-10-07 12:04:33', '2022-12-03 17:23:49'),
(8, 1, 'Mens fashon', 2, 3, NULL, NULL, 'Satin Soft Silk Saree', 'NewthumbnailImageName638b85f751bdb.png', 750, 25, 563, NULL, 10, 'Product details of Satin Soft Silk Saree for Women - Deep Maroon\r\n\r\n    Product Type: Saree\r\n    Main Material: Silk\r\n    Deep Maroon\r\n    12 Haat Bohor\r\n    Only Saree\r\n    Perfect wear for formal occasions\r\n    Product Name: Japanese Soft Silk Saree.\r\n    Product type: Saree.\r\n    Fabrics: Japanese Soft Silk.\r\n    Style: Classic.\r\n    Blouse piece: not Included.\r\n    Width: 40-41 inch.\r\n    Fashionable, trendy and comfortable to wear.\r\n    Occasion: Special occasion, any program.\r\n    Color: Navy Blue.\r\n    Due to the light and screen difference, the item\'s color may be slightly different from the pictures.', 'Satin Soft Silk Saree for Women - Maroon', 'Satin Soft Silk Saree for Women - Maroon', 'on', 'on', NULL, NULL, NULL, NULL, '2022-10-07 12:12:16', '2022-12-03 17:23:03'),
(9, 1, 'Acer Aspire 5 A515-45-R0EW AMD Ryzen 7 5700U 15.6 Inch FHD Display Pure Silver Laptop NX.A84SI.009', 3, 7, 1, NULL, 'acer0125', 'NewthumbnailImageName638b853493246.png', 65000, 20, 52000, NULL, 20, 'Product details of Acer Aspire 5 A515-45-R0EW AMD Ryzen 7 5700U 15.6 Inch FHD Display Pure Silver Laptop NX.A84SI.009\r\n\r\n    Brand Acer\r\n    Model Acer Aspire 5 A515-45-R0EW\r\n    Laptop Series Aspire 5\r\n    Part No NX.A84SI.009\r\n    Processor Brand AMD\r\n    Processor Type AMD Ryzen 7\r\n    Processor Model Ryzen 7 5700U\r\n    Processor Base Frequency 1.80 GHz\r\n    Processor Max Turbo Frequency 4.30 GHz\r\n    Processor Core 8\r\n    Processor Thread 16\r\n    RAM 8GB\r\n    Installed RAM Details 1 x 8GB\r\n    RAM Type DDR4\r\n    Total RAM Slot 2\r\n    Storage 512GB SSD\r\n    Installed SSD Type NVMe PCIe\r\n    Graphics Chipset AMD Radeon Graphics\r\n    Graphics Memory Accessibility Integrated\r\n    Graphics Memory Shared\r\n    Display Size (Inch) 15.6\r\n    Display Type FHD LED\r\n    Display Resolution 1920x1080 (WxH) FHD\r\n    Touch Screen No\r\n    Display Features Display Screen Technology: ComfyView, Aspect Ratio: 16:9\r\n    Optical Drive No\r\n    USB 2 Port 1 x USB 2.0 Type-A\r\n    USB 3 Port 2 x USB 3.2 Gen 1 Type-A\r\n    USB C / Thunderbolt Port 1 x USB 3.2 Gen 1 Type-C\r\n    HDMI Port 1\r\n    Headphone Port Combo\r\n    Microphone Port Combo\r\n    LAN 1 x RJ-45\r\n    WiFi Wi-Fi 6 AX200, IEEE 802.11 a/b/g/n/ac/ax\r\n    Bluetooth Bluetooth 5.0\r\n    Keyboard Back-lit Yes\r\n    Num Key pad Yes\r\n    Pointing Device Touchpad\r\n    Operating System Win-11 Home\r\n    Battery 3 Cell\r\n    Battery Capacity 48Wh\r\n    Battery Type Lithium Ion (Li-Ion)\r\n    Power Adapter 45W AC Adapter', 'Acer Aspire 5 A515-45-R0EW AMD Ryzen 7 5700U 15.6 Inch FHD Display Pure Silver Laptop', 'Acer Aspire 5 A515-45-R0EW AMD Ryzen 7 5700U 15.6 Inch FHD Display Pure Silver Laptop', 'off', 'on', NULL, 500, NULL, NULL, '2022-10-07 12:15:10', '2022-12-03 17:19:48');

-- --------------------------------------------------------

--
-- Table structure for table `product_galleries`
--

CREATE TABLE `product_galleries` (
  `id` bigint(20) UNSIGNED NOT NULL,
  `product_id` int(11) NOT NULL,
  `gallery` varchar(255) COLLATE utf8mb4_unicode_ci DEFAULT NULL,
  `created_at` timestamp NULL DEFAULT NULL,
  `updated_at` timestamp NULL DEFAULT NULL
) ENGINE=InnoDB DEFAULT CHARSET=utf8mb4 COLLATE=utf8mb4_unicode_ci;

--
-- Dumping data for table `product_galleries`
--

INSERT INTO `product_galleries` (`id`, `product_id`, `gallery`, `created_at`, `updated_at`) VALUES
(41, 9, '9-6370afa3969f1new.png', '2022-11-13 08:49:39', NULL),
(50, 7, '7-6373dfdb59ef5new.png', '2022-11-16 08:52:11', NULL),
(51, 8, '8-6373dffa18b60new.png', '2022-11-16 08:52:42', NULL),
(52, 9, '9-6373e00c87315new.png', '2022-11-16 08:53:00', NULL),
(56, 9, '9-638b8534a078dnew.png', '2022-12-03 17:19:48', NULL),
(57, 9, '9-638b8534adcc3new.png', '2022-12-03 17:19:48', NULL),
(58, 8, '8-638b85f767db3new.png', '2022-12-03 17:23:03', NULL),
(59, 8, '8-638b85f777e5fnew.png', '2022-12-03 17:23:03', NULL),
(60, 7, '7-638b862585a90new.png', '2022-12-03 17:23:49', NULL),
(61, 7, '7-638b86258d9eanew.png', '2022-12-03 17:23:49', NULL),
(62, 6, '6-638b864dd0a82new.png', '2022-12-03 17:24:29', NULL),
(63, 6, '6-638b864de6d7fnew.png', '2022-12-03 17:24:29', NULL),
(64, 5, '5-638b867257b84new.png', '2022-12-03 17:25:06', NULL),
(65, 5, '5-638b86726daf2new.png', '2022-12-03 17:25:06', NULL),
(66, 5, '5-638b86727ad2dnew.png', '2022-12-03 17:25:06', NULL),
(67, 4, '4-638b86d375a07new.png', '2022-12-03 17:26:43', NULL);

-- --------------------------------------------------------

--
-- Table structure for table `product_variations`
--

CREATE TABLE `product_variations` (
  `id` bigint(20) UNSIGNED NOT NULL,
  `product_id` int(11) NOT NULL,
  `color_id` int(11) DEFAULT NULL,
  `size_id` int(11) DEFAULT NULL,
  `quantity` int(11) NOT NULL,
  `created_at` timestamp NULL DEFAULT NULL,
  `updated_at` timestamp NULL DEFAULT NULL
) ENGINE=InnoDB DEFAULT CHARSET=utf8mb4 COLLATE=utf8mb4_unicode_ci;

--
-- Dumping data for table `product_variations`
--

INSERT INTO `product_variations` (`id`, `product_id`, `color_id`, `size_id`, `quantity`, `created_at`, `updated_at`) VALUES
(1, 4, 2, 2, 15, '2022-10-22 16:50:36', '2022-11-08 05:45:11'),
(2, 4, 2, 3, 10, '2022-10-22 16:51:01', NULL),
(3, 4, 3, 1, 3, '2022-10-22 16:51:15', NULL),
(4, 4, 1, 3, 1, '2022-10-22 16:53:06', '2022-11-18 16:40:27'),
(5, 6, 2, 2, 18, '2022-10-22 18:36:15', '2022-11-18 16:40:27'),
(6, 7, 2, 3, 100, '2022-11-25 09:27:57', NULL);

-- --------------------------------------------------------

--
-- Table structure for table `sizes`
--

CREATE TABLE `sizes` (
  `id` bigint(20) UNSIGNED NOT NULL,
  `name` varchar(255) COLLATE utf8mb4_unicode_ci NOT NULL,
  `created_at` timestamp NULL DEFAULT NULL,
  `updated_at` timestamp NULL DEFAULT NULL
) ENGINE=InnoDB DEFAULT CHARSET=utf8mb4 COLLATE=utf8mb4_unicode_ci;

--
-- Dumping data for table `sizes`
--

INSERT INTO `sizes` (`id`, `name`, `created_at`, `updated_at`) VALUES
(1, 'NA', '2022-09-23 12:07:25', '2022-10-22 16:48:03'),
(2, 'L', '2022-09-23 12:07:43', NULL),
(3, 'XL', '2022-09-23 12:08:07', NULL),
(4, 'XXL', '2022-09-23 12:08:11', NULL),
(6, '64GB', '2022-09-23 12:08:44', NULL),
(7, '128GB', '2022-09-23 12:08:51', NULL),
(8, '8GB', '2022-09-23 12:08:56', NULL),
(9, '16GB', '2022-09-23 12:09:05', NULL),
(10, '2/32GB', '2022-09-23 12:09:37', NULL),
(11, '3/32GB', '2022-09-23 12:09:45', '2022-09-23 12:17:41'),
(12, '4/64GB', '2022-09-23 12:09:57', NULL),
(13, '4/128GB', '2022-09-23 12:10:06', NULL),
(14, '6/128GB', '2022-09-23 12:10:15', NULL),
(15, 'M', '2022-10-22 16:48:14', '2022-10-22 16:48:31');

-- --------------------------------------------------------

--
-- Table structure for table `sslorders`
--

CREATE TABLE `sslorders` (
  `id` int(11) NOT NULL,
  `name` varchar(255) COLLATE utf8_unicode_ci DEFAULT NULL,
  `email` varchar(30) COLLATE utf8_unicode_ci DEFAULT NULL,
  `phone` varchar(20) COLLATE utf8_unicode_ci DEFAULT NULL,
  `amount` double DEFAULT NULL,
  `address` text COLLATE utf8_unicode_ci DEFAULT NULL,
  `status` varchar(10) COLLATE utf8_unicode_ci DEFAULT NULL,
  `transaction_id` varchar(255) COLLATE utf8_unicode_ci DEFAULT NULL,
  `currency` varchar(20) COLLATE utf8_unicode_ci DEFAULT NULL
) ENGINE=InnoDB DEFAULT CHARSET=utf8 COLLATE=utf8_unicode_ci;

--
-- Dumping data for table `sslorders`
--

INSERT INTO `sslorders` (`id`, `name`, `email`, `phone`, `amount`, `address`, `status`, `transaction_id`, `currency`) VALUES
(1, 'Customer Name', 'customer@mail.com', '8801XXXXXXXXX', 620, 'Customer Address', 'Pending', '6369cc1356d39', 'BDT'),
(2, 'Customer Name', 'customer@mail.com', '8801XXXXXXXXX', 560, 'Customer Address', 'Pending', '6369dacd648d7', 'BDT');

-- --------------------------------------------------------

--
-- Table structure for table `stay_informeds`
--

CREATE TABLE `stay_informeds` (
  `id` bigint(20) UNSIGNED NOT NULL,
  `description` text COLLATE utf8mb4_unicode_ci DEFAULT NULL,
  `playstore_link` varchar(255) COLLATE utf8mb4_unicode_ci DEFAULT NULL,
  `appstore_link` varchar(255) COLLATE utf8mb4_unicode_ci DEFAULT NULL,
  `created_at` timestamp NULL DEFAULT NULL,
  `updated_at` timestamp NULL DEFAULT NULL
) ENGINE=InnoDB DEFAULT CHARSET=utf8mb4 COLLATE=utf8mb4_unicode_ci;

--
-- Dumping data for table `stay_informeds`
--

INSERT INTO `stay_informeds` (`id`, `description`, `playstore_link`, `appstore_link`, `created_at`, `updated_at`) VALUES
(1, 'Subscribe to our newsletter to receive early discount offers, updates and new products info. HomeHutbd', 'https://abcd.com/c-pppp', NULL, '2022-11-25 16:02:01', '2022-11-25 17:22:54');

-- --------------------------------------------------------

--
-- Table structure for table `subcategories`
--

CREATE TABLE `subcategories` (
  `id` bigint(20) UNSIGNED NOT NULL,
  `added_by` int(11) NOT NULL,
  `category` int(11) NOT NULL,
  `subcategory` varchar(255) COLLATE utf8mb4_unicode_ci NOT NULL,
  `banner` varchar(255) COLLATE utf8mb4_unicode_ci NOT NULL,
  `meta_title` varchar(255) COLLATE utf8mb4_unicode_ci NOT NULL,
  `meta_descp` varchar(255) COLLATE utf8mb4_unicode_ci NOT NULL,
  `created_at` timestamp NULL DEFAULT NULL,
  `updated_at` timestamp NULL DEFAULT NULL
) ENGINE=InnoDB DEFAULT CHARSET=utf8mb4 COLLATE=utf8mb4_unicode_ci;

--
-- Dumping data for table `subcategories`
--

INSERT INTO `subcategories` (`id`, `added_by`, `category`, `subcategory`, `banner`, `meta_title`, `meta_descp`, `created_at`, `updated_at`) VALUES
(1, 1, 1, 'Women Sariss', 'subCategory632cbff0462e2.jpg', 'Women Sari', 'Women Sari', '2022-09-22 05:12:52', '2022-09-22 14:05:04'),
(2, 1, 2, 'Mens T-Shirts', '632ca63ebc33dsubCategory.png', 'Mens T-Shirts', 'Mens T-Shirts', '2022-09-22 12:15:28', NULL),
(3, 1, 2, 'Mens Shirts', '632ca667e53a1subCategory.png', 'Mens Shirts', 'Mens Shirts', '2022-09-22 12:16:07', NULL),
(4, 1, 2, 'Mens  Polo Shirts', '632ca689eef84subCategory.png', 'Mens  Polo Shirts', 'Mens  Polo Shirts', '2022-09-22 12:16:41', NULL),
(5, 1, 1, 'Womens Pants', '632ca6d661804subCategory.png', 'Womens Pants', 'Womens Pants', '2022-09-22 12:17:58', NULL),
(6, 1, 3, 'Monitor', '632ca6ea08e0csubCategory.png', 'Monitor', 'Monitor', '2022-09-22 12:18:18', NULL),
(7, 1, 3, 'Laptop', '632ca709b772esubCategory.png', 'Laptop', 'Laptop', '2022-09-22 12:18:49', NULL),
(8, 1, 3, 'Mouse', '632ca72f5a60esubCategory.png', 'Mouse', 'Mouse', '2022-09-22 12:19:27', NULL),
(9, 1, 1, 'Womens T Shirts', '632ca77b94740subCategory.png', 'Womens T Shirts', 'Womens T Shirts', '2022-09-22 12:20:43', NULL),
(12, 1, 6, 'Diapers', 'subCategory638b7b0670c51.jpg', 'diapers', 'diapers', '2022-10-08 17:47:12', '2022-12-03 16:36:22'),
(14, 1, 4, 'Football', '638b86aa86f9dsubCategory.png', 'gg', 'dd', '2022-12-03 17:26:02', NULL);

-- --------------------------------------------------------

--
-- Table structure for table `upazilas`
--

CREATE TABLE `upazilas` (
  `id` int(3) NOT NULL,
  `district_id` int(2) NOT NULL,
  `name` varchar(25) NOT NULL,
  `bn_name` varchar(25) NOT NULL,
  `url` varchar(50) NOT NULL
) ENGINE=InnoDB DEFAULT CHARSET=utf8;

--
-- Dumping data for table `upazilas`
--

INSERT INTO `upazilas` (`id`, `district_id`, `name`, `bn_name`, `url`) VALUES
(1, 1, 'Debidwar', 'দেবিদ্বার', 'debidwar.comilla.gov.bd'),
(2, 1, 'Barura', 'বরুড়া', 'barura.comilla.gov.bd'),
(3, 1, 'Brahmanpara', 'ব্রাহ্মণপাড়া', 'brahmanpara.comilla.gov.bd'),
(4, 1, 'Chandina', 'চান্দিনা', 'chandina.comilla.gov.bd'),
(5, 1, 'Chauddagram', 'চৌদ্দগ্রাম', 'chauddagram.comilla.gov.bd'),
(6, 1, 'Daudkandi', 'দাউদকান্দি', 'daudkandi.comilla.gov.bd'),
(7, 1, 'Homna', 'হোমনা', 'homna.comilla.gov.bd'),
(8, 1, 'Laksam', 'লাকসাম', 'laksam.comilla.gov.bd'),
(9, 1, 'Muradnagar', 'মুরাদনগর', 'muradnagar.comilla.gov.bd'),
(10, 1, 'Nangalkot', 'নাঙ্গলকোট', 'nangalkot.comilla.gov.bd'),
(11, 1, 'Comilla Sadar', 'কুমিল্লা সদর', 'comillasadar.comilla.gov.bd'),
(12, 1, 'Meghna', 'মেঘনা', 'meghna.comilla.gov.bd'),
(13, 1, 'Monohargonj', 'মনোহরগঞ্জ', 'monohargonj.comilla.gov.bd'),
(14, 1, 'Sadarsouth', 'সদর দক্ষিণ', 'sadarsouth.comilla.gov.bd'),
(15, 1, 'Titas', 'তিতাস', 'titas.comilla.gov.bd'),
(16, 1, 'Burichang', 'বুড়িচং', 'burichang.comilla.gov.bd'),
(17, 1, 'Lalmai', 'লালমাই', 'lalmai.comilla.gov.bd'),
(18, 2, 'Chhagalnaiya', 'ছাগলনাইয়া', 'chhagalnaiya.feni.gov.bd'),
(19, 2, 'Feni Sadar', 'ফেনী সদর', 'sadar.feni.gov.bd'),
(20, 2, 'Sonagazi', 'সোনাগাজী', 'sonagazi.feni.gov.bd'),
(21, 2, 'Fulgazi', 'ফুলগাজী', 'fulgazi.feni.gov.bd'),
(22, 2, 'Parshuram', 'পরশুরাম', 'parshuram.feni.gov.bd'),
(23, 2, 'Daganbhuiyan', 'দাগনভূঞা', 'daganbhuiyan.feni.gov.bd'),
(24, 3, 'Brahmanbaria Sadar', 'ব্রাহ্মণবাড়িয়া সদর', 'sadar.brahmanbaria.gov.bd'),
(25, 3, 'Kasba', 'কসবা', 'kasba.brahmanbaria.gov.bd'),
(26, 3, 'Nasirnagar', 'নাসিরনগর', 'nasirnagar.brahmanbaria.gov.bd'),
(27, 3, 'Sarail', 'সরাইল', 'sarail.brahmanbaria.gov.bd'),
(28, 3, 'Ashuganj', 'আশুগঞ্জ', 'ashuganj.brahmanbaria.gov.bd'),
(29, 3, 'Akhaura', 'আখাউড়া', 'akhaura.brahmanbaria.gov.bd'),
(30, 3, 'Nabinagar', 'নবীনগর', 'nabinagar.brahmanbaria.gov.bd'),
(31, 3, 'Bancharampur', 'বাঞ্ছারামপুর', 'bancharampur.brahmanbaria.gov.bd'),
(32, 3, 'Bijoynagar', 'বিজয়নগর', 'bijoynagar.brahmanbaria.gov.bd    '),
(33, 4, 'Rangamati Sadar', 'রাঙ্গামাটি সদর', 'sadar.rangamati.gov.bd'),
(34, 4, 'Kaptai', 'কাপ্তাই', 'kaptai.rangamati.gov.bd'),
(35, 4, 'Kawkhali', 'কাউখালী', 'kawkhali.rangamati.gov.bd'),
(36, 4, 'Baghaichari', 'বাঘাইছড়ি', 'baghaichari.rangamati.gov.bd'),
(37, 4, 'Barkal', 'বরকল', 'barkal.rangamati.gov.bd'),
(38, 4, 'Langadu', 'লংগদু', 'langadu.rangamati.gov.bd'),
(39, 4, 'Rajasthali', 'রাজস্থলী', 'rajasthali.rangamati.gov.bd'),
(40, 4, 'Belaichari', 'বিলাইছড়ি', 'belaichari.rangamati.gov.bd'),
(41, 4, 'Juraichari', 'জুরাছড়ি', 'juraichari.rangamati.gov.bd'),
(42, 4, 'Naniarchar', 'নানিয়ারচর', 'naniarchar.rangamati.gov.bd'),
(43, 5, 'Noakhali Sadar', 'নোয়াখালী সদর', 'sadar.noakhali.gov.bd'),
(44, 5, 'Companiganj', 'কোম্পানীগঞ্জ', 'companiganj.noakhali.gov.bd'),
(45, 5, 'Begumganj', 'বেগমগঞ্জ', 'begumganj.noakhali.gov.bd'),
(46, 5, 'Hatia', 'হাতিয়া', 'hatia.noakhali.gov.bd'),
(47, 5, 'Subarnachar', 'সুবর্ণচর', 'subarnachar.noakhali.gov.bd'),
(48, 5, 'Kabirhat', 'কবিরহাট', 'kabirhat.noakhali.gov.bd'),
(49, 5, 'Senbug', 'সেনবাগ', 'senbug.noakhali.gov.bd'),
(50, 5, 'Chatkhil', 'চাটখিল', 'chatkhil.noakhali.gov.bd'),
(51, 5, 'Sonaimori', 'সোনাইমুড়ী', 'sonaimori.noakhali.gov.bd'),
(52, 6, 'Haimchar', 'হাইমচর', 'haimchar.chandpur.gov.bd'),
(53, 6, 'Kachua', 'কচুয়া', 'kachua.chandpur.gov.bd'),
(54, 6, 'Shahrasti', 'শাহরাস্তি	', 'shahrasti.chandpur.gov.bd'),
(55, 6, 'Chandpur Sadar', 'চাঁদপুর সদর', 'sadar.chandpur.gov.bd'),
(56, 6, 'Matlab South', 'মতলব দক্ষিণ', 'matlabsouth.chandpur.gov.bd'),
(57, 6, 'Hajiganj', 'হাজীগঞ্জ', 'hajiganj.chandpur.gov.bd'),
(58, 6, 'Matlab North', 'মতলব উত্তর', 'matlabnorth.chandpur.gov.bd'),
(59, 6, 'Faridgonj', 'ফরিদগঞ্জ', 'faridgonj.chandpur.gov.bd'),
(60, 7, 'Lakshmipur Sadar', 'লক্ষ্মীপুর সদর', 'sadar.lakshmipur.gov.bd'),
(61, 7, 'Kamalnagar', 'কমলনগর', 'kamalnagar.lakshmipur.gov.bd'),
(62, 7, 'Raipur', 'রায়পুর', 'raipur.lakshmipur.gov.bd'),
(63, 7, 'Ramgati', 'রামগতি', 'ramgati.lakshmipur.gov.bd'),
(64, 7, 'Ramganj', 'রামগঞ্জ', 'ramganj.lakshmipur.gov.bd'),
(65, 8, 'Rangunia', 'রাঙ্গুনিয়া', 'rangunia.chittagong.gov.bd'),
(66, 8, 'Sitakunda', 'সীতাকুন্ড', 'sitakunda.chittagong.gov.bd'),
(67, 8, 'Mirsharai', 'মীরসরাই', 'mirsharai.chittagong.gov.bd'),
(68, 8, 'Patiya', 'পটিয়া', 'patiya.chittagong.gov.bd'),
(69, 8, 'Sandwip', 'সন্দ্বীপ', 'sandwip.chittagong.gov.bd'),
(70, 8, 'Banshkhali', 'বাঁশখালী', 'banshkhali.chittagong.gov.bd'),
(71, 8, 'Boalkhali', 'বোয়ালখালী', 'boalkhali.chittagong.gov.bd'),
(72, 8, 'Anwara', 'আনোয়ারা', 'anwara.chittagong.gov.bd'),
(73, 8, 'Chandanaish', 'চন্দনাইশ', 'chandanaish.chittagong.gov.bd'),
(74, 8, 'Satkania', 'সাতকানিয়া', 'satkania.chittagong.gov.bd'),
(75, 8, 'Lohagara', 'লোহাগাড়া', 'lohagara.chittagong.gov.bd'),
(76, 8, 'Hathazari', 'হাটহাজারী', 'hathazari.chittagong.gov.bd'),
(77, 8, 'Fatikchhari', 'ফটিকছড়ি', 'fatikchhari.chittagong.gov.bd'),
(78, 8, 'Raozan', 'রাউজান', 'raozan.chittagong.gov.bd'),
(79, 8, 'Karnafuli', 'কর্ণফুলী', 'karnafuli.chittagong.gov.bd'),
(80, 9, 'Coxsbazar Sadar', 'কক্সবাজার সদর', 'sadar.coxsbazar.gov.bd'),
(81, 9, 'Chakaria', 'চকরিয়া', 'chakaria.coxsbazar.gov.bd'),
(82, 9, 'Kutubdia', 'কুতুবদিয়া', 'kutubdia.coxsbazar.gov.bd'),
(83, 9, 'Ukhiya', 'উখিয়া', 'ukhiya.coxsbazar.gov.bd'),
(84, 9, 'Moheshkhali', 'মহেশখালী', 'moheshkhali.coxsbazar.gov.bd'),
(85, 9, 'Pekua', 'পেকুয়া', 'pekua.coxsbazar.gov.bd'),
(86, 9, 'Ramu', 'রামু', 'ramu.coxsbazar.gov.bd'),
(87, 9, 'Teknaf', 'টেকনাফ', 'teknaf.coxsbazar.gov.bd'),
(88, 10, 'Khagrachhari Sadar', 'খাগড়াছড়ি সদর', 'sadar.khagrachhari.gov.bd'),
(89, 10, 'Dighinala', 'দিঘীনালা', 'dighinala.khagrachhari.gov.bd'),
(90, 10, 'Panchari', 'পানছড়ি', 'panchari.khagrachhari.gov.bd'),
(91, 10, 'Laxmichhari', 'লক্ষীছড়ি', 'laxmichhari.khagrachhari.gov.bd'),
(92, 10, 'Mohalchari', 'মহালছড়ি', 'mohalchari.khagrachhari.gov.bd'),
(93, 10, 'Manikchari', 'মানিকছড়ি', 'manikchari.khagrachhari.gov.bd'),
(94, 10, 'Ramgarh', 'রামগড়', 'ramgarh.khagrachhari.gov.bd'),
(95, 10, 'Matiranga', 'মাটিরাঙ্গা', 'matiranga.khagrachhari.gov.bd'),
(96, 10, 'Guimara', 'গুইমারা', 'guimara.khagrachhari.gov.bd'),
(97, 11, 'Bandarban Sadar', 'বান্দরবান সদর', 'sadar.bandarban.gov.bd'),
(98, 11, 'Alikadam', 'আলীকদম', 'alikadam.bandarban.gov.bd'),
(99, 11, 'Naikhongchhari', 'নাইক্ষ্যংছড়ি', 'naikhongchhari.bandarban.gov.bd'),
(100, 11, 'Rowangchhari', 'রোয়াংছড়ি', 'rowangchhari.bandarban.gov.bd'),
(101, 11, 'Lama', 'লামা', 'lama.bandarban.gov.bd'),
(102, 11, 'Ruma', 'রুমা', 'ruma.bandarban.gov.bd'),
(103, 11, 'Thanchi', 'থানচি', 'thanchi.bandarban.gov.bd'),
(104, 12, 'Belkuchi', 'বেলকুচি', 'belkuchi.sirajganj.gov.bd'),
(105, 12, 'Chauhali', 'চৌহালি', 'chauhali.sirajganj.gov.bd'),
(106, 12, 'Kamarkhand', 'কামারখন্দ', 'kamarkhand.sirajganj.gov.bd'),
(107, 12, 'Kazipur', 'কাজীপুর', 'kazipur.sirajganj.gov.bd'),
(108, 12, 'Raigonj', 'রায়গঞ্জ', 'raigonj.sirajganj.gov.bd'),
(109, 12, 'Shahjadpur', 'শাহজাদপুর', 'shahjadpur.sirajganj.gov.bd'),
(110, 12, 'Sirajganj Sadar', 'সিরাজগঞ্জ সদর', 'sirajganjsadar.sirajganj.gov.bd'),
(111, 12, 'Tarash', 'তাড়াশ', 'tarash.sirajganj.gov.bd'),
(112, 12, 'Ullapara', 'উল্লাপাড়া', 'ullapara.sirajganj.gov.bd'),
(113, 13, 'Sujanagar', 'সুজানগর', 'sujanagar.pabna.gov.bd'),
(114, 13, 'Ishurdi', 'ঈশ্বরদী', 'ishurdi.pabna.gov.bd'),
(115, 13, 'Bhangura', 'ভাঙ্গুড়া', 'bhangura.pabna.gov.bd'),
(116, 13, 'Pabna Sadar', 'পাবনা সদর', 'pabnasadar.pabna.gov.bd'),
(117, 13, 'Bera', 'বেড়া', 'bera.pabna.gov.bd'),
(118, 13, 'Atghoria', 'আটঘরিয়া', 'atghoria.pabna.gov.bd'),
(119, 13, 'Chatmohar', 'চাটমোহর', 'chatmohar.pabna.gov.bd'),
(120, 13, 'Santhia', 'সাঁথিয়া', 'santhia.pabna.gov.bd'),
(121, 13, 'Faridpur', 'ফরিদপুর', 'faridpur.pabna.gov.bd'),
(122, 14, 'Kahaloo', 'কাহালু', 'kahaloo.bogra.gov.bd'),
(123, 14, 'Bogra Sadar', 'বগুড়া সদর', 'sadar.bogra.gov.bd'),
(124, 14, 'Shariakandi', 'সারিয়াকান্দি', 'shariakandi.bogra.gov.bd'),
(125, 14, 'Shajahanpur', 'শাজাহানপুর', 'shajahanpur.bogra.gov.bd'),
(126, 14, 'Dupchanchia', 'দুপচাচিঁয়া', 'dupchanchia.bogra.gov.bd'),
(127, 14, 'Adamdighi', 'আদমদিঘি', 'adamdighi.bogra.gov.bd'),
(128, 14, 'Nondigram', 'নন্দিগ্রাম', 'nondigram.bogra.gov.bd'),
(129, 14, 'Sonatala', 'সোনাতলা', 'sonatala.bogra.gov.bd'),
(130, 14, 'Dhunot', 'ধুনট', 'dhunot.bogra.gov.bd'),
(131, 14, 'Gabtali', 'গাবতলী', 'gabtali.bogra.gov.bd'),
(132, 14, 'Sherpur', 'শেরপুর', 'sherpur.bogra.gov.bd'),
(133, 14, 'Shibganj', 'শিবগঞ্জ', 'shibganj.bogra.gov.bd'),
(134, 15, 'Paba', 'পবা', 'paba.rajshahi.gov.bd'),
(135, 15, 'Durgapur', 'দুর্গাপুর', 'durgapur.rajshahi.gov.bd'),
(136, 15, 'Mohonpur', 'মোহনপুর', 'mohonpur.rajshahi.gov.bd'),
(137, 15, 'Charghat', 'চারঘাট', 'charghat.rajshahi.gov.bd'),
(138, 15, 'Puthia', 'পুঠিয়া', 'puthia.rajshahi.gov.bd'),
(139, 15, 'Bagha', 'বাঘা', 'bagha.rajshahi.gov.bd'),
(140, 15, 'Godagari', 'গোদাগাড়ী', 'godagari.rajshahi.gov.bd'),
(141, 15, 'Tanore', 'তানোর', 'tanore.rajshahi.gov.bd'),
(142, 15, 'Bagmara', 'বাগমারা', 'bagmara.rajshahi.gov.bd'),
(143, 16, 'Natore Sadar', 'নাটোর সদর', 'natoresadar.natore.gov.bd'),
(144, 16, 'Singra', 'সিংড়া', 'singra.natore.gov.bd'),
(145, 16, 'Baraigram', 'বড়াইগ্রাম', 'baraigram.natore.gov.bd'),
(146, 16, 'Bagatipara', 'বাগাতিপাড়া', 'bagatipara.natore.gov.bd'),
(147, 16, 'Lalpur', 'লালপুর', 'lalpur.natore.gov.bd'),
(148, 16, 'Gurudaspur', 'গুরুদাসপুর', 'gurudaspur.natore.gov.bd'),
(149, 16, 'Naldanga', 'নলডাঙ্গা', 'naldanga.natore.gov.bd'),
(150, 17, 'Akkelpur', 'আক্কেলপুর', 'akkelpur.joypurhat.gov.bd'),
(151, 17, 'Kalai', 'কালাই', 'kalai.joypurhat.gov.bd'),
(152, 17, 'Khetlal', 'ক্ষেতলাল', 'khetlal.joypurhat.gov.bd'),
(153, 17, 'Panchbibi', 'পাঁচবিবি', 'panchbibi.joypurhat.gov.bd'),
(154, 17, 'Joypurhat Sadar', 'জয়পুরহাট সদর', 'joypurhatsadar.joypurhat.gov.bd'),
(155, 18, 'Chapainawabganj Sadar', 'চাঁপাইনবাবগঞ্জ সদর', 'chapainawabganjsadar.chapainawabganj.gov.bd'),
(156, 18, 'Gomostapur', 'গোমস্তাপুর', 'gomostapur.chapainawabganj.gov.bd'),
(157, 18, 'Nachol', 'নাচোল', 'nachol.chapainawabganj.gov.bd'),
(158, 18, 'Bholahat', 'ভোলাহাট', 'bholahat.chapainawabganj.gov.bd'),
(159, 18, 'Shibganj', 'শিবগঞ্জ', 'shibganj.chapainawabganj.gov.bd'),
(160, 19, 'Mohadevpur', 'মহাদেবপুর', 'mohadevpur.naogaon.gov.bd'),
(161, 19, 'Badalgachi', 'বদলগাছী', 'badalgachi.naogaon.gov.bd'),
(162, 19, 'Patnitala', 'পত্নিতলা', 'patnitala.naogaon.gov.bd'),
(163, 19, 'Dhamoirhat', 'ধামইরহাট', 'dhamoirhat.naogaon.gov.bd'),
(164, 19, 'Niamatpur', 'নিয়ামতপুর', 'niamatpur.naogaon.gov.bd'),
(165, 19, 'Manda', 'মান্দা', 'manda.naogaon.gov.bd'),
(166, 19, 'Atrai', 'আত্রাই', 'atrai.naogaon.gov.bd'),
(167, 19, 'Raninagar', 'রাণীনগর', 'raninagar.naogaon.gov.bd'),
(168, 19, 'Naogaon Sadar', 'নওগাঁ সদর', 'naogaonsadar.naogaon.gov.bd'),
(169, 19, 'Porsha', 'পোরশা', 'porsha.naogaon.gov.bd'),
(170, 19, 'Sapahar', 'সাপাহার', 'sapahar.naogaon.gov.bd'),
(171, 20, 'Manirampur', 'মণিরামপুর', 'manirampur.jessore.gov.bd'),
(172, 20, 'Abhaynagar', 'অভয়নগর', 'abhaynagar.jessore.gov.bd'),
(173, 20, 'Bagherpara', 'বাঘারপাড়া', 'bagherpara.jessore.gov.bd'),
(174, 20, 'Chougachha', 'চৌগাছা', 'chougachha.jessore.gov.bd'),
(175, 20, 'Jhikargacha', 'ঝিকরগাছা', 'jhikargacha.jessore.gov.bd'),
(176, 20, 'Keshabpur', 'কেশবপুর', 'keshabpur.jessore.gov.bd'),
(177, 20, 'Jessore Sadar', 'যশোর সদর', 'sadar.jessore.gov.bd'),
(178, 20, 'Sharsha', 'শার্শা', 'sharsha.jessore.gov.bd'),
(179, 21, 'Assasuni', 'আশাশুনি', 'assasuni.satkhira.gov.bd'),
(180, 21, 'Debhata', 'দেবহাটা', 'debhata.satkhira.gov.bd'),
(181, 21, 'Kalaroa', 'কলারোয়া', 'kalaroa.satkhira.gov.bd'),
(182, 21, 'Satkhira Sadar', 'সাতক্ষীরা সদর', 'satkhirasadar.satkhira.gov.bd'),
(183, 21, 'Shyamnagar', 'শ্যামনগর', 'shyamnagar.satkhira.gov.bd'),
(184, 21, 'Tala', 'তালা', 'tala.satkhira.gov.bd'),
(185, 21, 'Kaliganj', 'কালিগঞ্জ', 'kaliganj.satkhira.gov.bd'),
(186, 22, 'Mujibnagar', 'মুজিবনগর', 'mujibnagar.meherpur.gov.bd'),
(187, 22, 'Meherpur Sadar', 'মেহেরপুর সদর', 'meherpursadar.meherpur.gov.bd'),
(188, 22, 'Gangni', 'গাংনী', 'gangni.meherpur.gov.bd'),
(189, 23, 'Narail Sadar', 'নড়াইল সদর', 'narailsadar.narail.gov.bd'),
(190, 23, 'Lohagara', 'লোহাগড়া', 'lohagara.narail.gov.bd'),
(191, 23, 'Kalia', 'কালিয়া', 'kalia.narail.gov.bd'),
(192, 24, 'Chuadanga Sadar', 'চুয়াডাঙ্গা সদর', 'chuadangasadar.chuadanga.gov.bd'),
(193, 24, 'Alamdanga', 'আলমডাঙ্গা', 'alamdanga.chuadanga.gov.bd'),
(194, 24, 'Damurhuda', 'দামুড়হুদা', 'damurhuda.chuadanga.gov.bd'),
(195, 24, 'Jibannagar', 'জীবননগর', 'jibannagar.chuadanga.gov.bd'),
(196, 25, 'Kushtia Sadar', 'কুষ্টিয়া সদর', 'kushtiasadar.kushtia.gov.bd'),
(197, 25, 'Kumarkhali', 'কুমারখালী', 'kumarkhali.kushtia.gov.bd'),
(198, 25, 'Khoksa', 'খোকসা', 'khoksa.kushtia.gov.bd'),
(199, 25, 'Mirpur', 'মিরপুর', 'mirpurkushtia.kushtia.gov.bd'),
(200, 25, 'Daulatpur', 'দৌলতপুর', 'daulatpur.kushtia.gov.bd'),
(201, 25, 'Bheramara', 'ভেড়ামারা', 'bheramara.kushtia.gov.bd'),
(202, 26, 'Shalikha', 'শালিখা', 'shalikha.magura.gov.bd'),
(203, 26, 'Sreepur', 'শ্রীপুর', 'sreepur.magura.gov.bd'),
(204, 26, 'Magura Sadar', 'মাগুরা সদর', 'magurasadar.magura.gov.bd'),
(205, 26, 'Mohammadpur', 'মহম্মদপুর', 'mohammadpur.magura.gov.bd'),
(206, 27, 'Paikgasa', 'পাইকগাছা', 'paikgasa.khulna.gov.bd'),
(207, 27, 'Fultola', 'ফুলতলা', 'fultola.khulna.gov.bd'),
(208, 27, 'Digholia', 'দিঘলিয়া', 'digholia.khulna.gov.bd'),
(209, 27, 'Rupsha', 'রূপসা', 'rupsha.khulna.gov.bd'),
(210, 27, 'Terokhada', 'তেরখাদা', 'terokhada.khulna.gov.bd'),
(211, 27, 'Dumuria', 'ডুমুরিয়া', 'dumuria.khulna.gov.bd'),
(212, 27, 'Botiaghata', 'বটিয়াঘাটা', 'botiaghata.khulna.gov.bd'),
(213, 27, 'Dakop', 'দাকোপ', 'dakop.khulna.gov.bd'),
(214, 27, 'Koyra', 'কয়রা', 'koyra.khulna.gov.bd'),
(215, 28, 'Fakirhat', 'ফকিরহাট', 'fakirhat.bagerhat.gov.bd'),
(216, 28, 'Bagerhat Sadar', 'বাগেরহাট সদর', 'sadar.bagerhat.gov.bd'),
(217, 28, 'Mollahat', 'মোল্লাহাট', 'mollahat.bagerhat.gov.bd'),
(218, 28, 'Sarankhola', 'শরণখোলা', 'sarankhola.bagerhat.gov.bd'),
(219, 28, 'Rampal', 'রামপাল', 'rampal.bagerhat.gov.bd'),
(220, 28, 'Morrelganj', 'মোড়েলগঞ্জ', 'morrelganj.bagerhat.gov.bd'),
(221, 28, 'Kachua', 'কচুয়া', 'kachua.bagerhat.gov.bd'),
(222, 28, 'Mongla', 'মোংলা', 'mongla.bagerhat.gov.bd'),
(223, 28, 'Chitalmari', 'চিতলমারী', 'chitalmari.bagerhat.gov.bd'),
(224, 29, 'Jhenaidah Sadar', 'ঝিনাইদহ সদর', 'sadar.jhenaidah.gov.bd'),
(225, 29, 'Shailkupa', 'শৈলকুপা', 'shailkupa.jhenaidah.gov.bd'),
(226, 29, 'Harinakundu', 'হরিণাকুন্ডু', 'harinakundu.jhenaidah.gov.bd'),
(227, 29, 'Kaliganj', 'কালীগঞ্জ', 'kaliganj.jhenaidah.gov.bd'),
(228, 29, 'Kotchandpur', 'কোটচাঁদপুর', 'kotchandpur.jhenaidah.gov.bd'),
(229, 29, 'Moheshpur', 'মহেশপুর', 'moheshpur.jhenaidah.gov.bd'),
(230, 30, 'Jhalakathi Sadar', 'ঝালকাঠি সদর', 'sadar.jhalakathi.gov.bd'),
(231, 30, 'Kathalia', 'কাঠালিয়া', 'kathalia.jhalakathi.gov.bd'),
(232, 30, 'Nalchity', 'নলছিটি', 'nalchity.jhalakathi.gov.bd'),
(233, 30, 'Rajapur', 'রাজাপুর', 'rajapur.jhalakathi.gov.bd'),
(234, 31, 'Bauphal', 'বাউফল', 'bauphal.patuakhali.gov.bd'),
(235, 31, 'Patuakhali Sadar', 'পটুয়াখালী সদর', 'sadar.patuakhali.gov.bd'),
(236, 31, 'Dumki', 'দুমকি', 'dumki.patuakhali.gov.bd'),
(237, 31, 'Dashmina', 'দশমিনা', 'dashmina.patuakhali.gov.bd'),
(238, 31, 'Kalapara', 'কলাপাড়া', 'kalapara.patuakhali.gov.bd'),
(239, 31, 'Mirzaganj', 'মির্জাগঞ্জ', 'mirzaganj.patuakhali.gov.bd'),
(240, 31, 'Galachipa', 'গলাচিপা', 'galachipa.patuakhali.gov.bd'),
(241, 31, 'Rangabali', 'রাঙ্গাবালী', 'rangabali.patuakhali.gov.bd'),
(242, 32, 'Pirojpur Sadar', 'পিরোজপুর সদর', 'sadar.pirojpur.gov.bd'),
(243, 32, 'Nazirpur', 'নাজিরপুর', 'nazirpur.pirojpur.gov.bd'),
(244, 32, 'Kawkhali', 'কাউখালী', 'kawkhali.pirojpur.gov.bd'),
(245, 32, 'Zianagar', 'জিয়ানগর', 'zianagar.pirojpur.gov.bd'),
(246, 32, 'Bhandaria', 'ভান্ডারিয়া', 'bhandaria.pirojpur.gov.bd'),
(247, 32, 'Mathbaria', 'মঠবাড়ীয়া', 'mathbaria.pirojpur.gov.bd'),
(248, 32, 'Nesarabad', 'নেছারাবাদ', 'nesarabad.pirojpur.gov.bd'),
(249, 33, 'Barisal Sadar', 'বরিশাল সদর', 'barisalsadar.barisal.gov.bd'),
(250, 33, 'Bakerganj', 'বাকেরগঞ্জ', 'bakerganj.barisal.gov.bd'),
(251, 33, 'Babuganj', 'বাবুগঞ্জ', 'babuganj.barisal.gov.bd'),
(252, 33, 'Wazirpur', 'উজিরপুর', 'wazirpur.barisal.gov.bd'),
(253, 33, 'Banaripara', 'বানারীপাড়া', 'banaripara.barisal.gov.bd'),
(254, 33, 'Gournadi', 'গৌরনদী', 'gournadi.barisal.gov.bd'),
(255, 33, 'Agailjhara', 'আগৈলঝাড়া', 'agailjhara.barisal.gov.bd'),
(256, 33, 'Mehendiganj', 'মেহেন্দিগঞ্জ', 'mehendiganj.barisal.gov.bd'),
(257, 33, 'Muladi', 'মুলাদী', 'muladi.barisal.gov.bd'),
(258, 33, 'Hizla', 'হিজলা', 'hizla.barisal.gov.bd'),
(259, 34, 'Bhola Sadar', 'ভোলা সদর', 'sadar.bhola.gov.bd'),
(260, 34, 'Borhan Sddin', 'বোরহান উদ্দিন', 'borhanuddin.bhola.gov.bd'),
(261, 34, 'Charfesson', 'চরফ্যাশন', 'charfesson.bhola.gov.bd'),
(262, 34, 'Doulatkhan', 'দৌলতখান', 'doulatkhan.bhola.gov.bd'),
(263, 34, 'Monpura', 'মনপুরা', 'monpura.bhola.gov.bd'),
(264, 34, 'Tazumuddin', 'তজুমদ্দিন', 'tazumuddin.bhola.gov.bd'),
(265, 34, 'Lalmohan', 'লালমোহন', 'lalmohan.bhola.gov.bd'),
(266, 35, 'Amtali', 'আমতলী', 'amtali.barguna.gov.bd'),
(267, 35, 'Barguna Sadar', 'বরগুনা সদর', 'sadar.barguna.gov.bd'),
(268, 35, 'Betagi', 'বেতাগী', 'betagi.barguna.gov.bd'),
(269, 35, 'Bamna', 'বামনা', 'bamna.barguna.gov.bd'),
(270, 35, 'Pathorghata', 'পাথরঘাটা', 'pathorghata.barguna.gov.bd'),
(271, 35, 'Taltali', 'তালতলি', 'taltali.barguna.gov.bd'),
(272, 36, 'Balaganj', 'বালাগঞ্জ', 'balaganj.sylhet.gov.bd'),
(273, 36, 'Beanibazar', 'বিয়ানীবাজার', 'beanibazar.sylhet.gov.bd'),
(274, 36, 'Bishwanath', 'বিশ্বনাথ', 'bishwanath.sylhet.gov.bd'),
(275, 36, 'Companiganj', 'কোম্পানীগঞ্জ', 'companiganj.sylhet.gov.bd'),
(276, 36, 'Fenchuganj', 'ফেঞ্চুগঞ্জ', 'fenchuganj.sylhet.gov.bd'),
(277, 36, 'Golapganj', 'গোলাপগঞ্জ', 'golapganj.sylhet.gov.bd'),
(278, 36, 'Gowainghat', 'গোয়াইনঘাট', 'gowainghat.sylhet.gov.bd'),
(279, 36, 'Jaintiapur', 'জৈন্তাপুর', 'jaintiapur.sylhet.gov.bd'),
(280, 36, 'Kanaighat', 'কানাইঘাট', 'kanaighat.sylhet.gov.bd'),
(281, 36, 'Sylhet Sadar', 'সিলেট সদর', 'sylhetsadar.sylhet.gov.bd'),
(282, 36, 'Zakiganj', 'জকিগঞ্জ', 'zakiganj.sylhet.gov.bd'),
(283, 36, 'Dakshinsurma', 'দক্ষিণ সুরমা', 'dakshinsurma.sylhet.gov.bd'),
(284, 36, 'Osmaninagar', 'ওসমানী নগর', 'osmaninagar.sylhet.gov.bd'),
(285, 37, 'Barlekha', 'বড়লেখা', 'barlekha.moulvibazar.gov.bd'),
(286, 37, 'Kamolganj', 'কমলগঞ্জ', 'kamolganj.moulvibazar.gov.bd'),
(287, 37, 'Kulaura', 'কুলাউড়া', 'kulaura.moulvibazar.gov.bd'),
(288, 37, 'Moulvibazar Sadar', 'মৌলভীবাজার সদর', 'moulvibazarsadar.moulvibazar.gov.bd'),
(289, 37, 'Rajnagar', 'রাজনগর', 'rajnagar.moulvibazar.gov.bd'),
(290, 37, 'Sreemangal', 'শ্রীমঙ্গল', 'sreemangal.moulvibazar.gov.bd'),
(291, 37, 'Juri', 'জুড়ী', 'juri.moulvibazar.gov.bd'),
(292, 38, 'Nabiganj', 'নবীগঞ্জ', 'nabiganj.habiganj.gov.bd'),
(293, 38, 'Bahubal', 'বাহুবল', 'bahubal.habiganj.gov.bd'),
(294, 38, 'Ajmiriganj', 'আজমিরীগঞ্জ', 'ajmiriganj.habiganj.gov.bd'),
(295, 38, 'Baniachong', 'বানিয়াচং', 'baniachong.habiganj.gov.bd'),
(296, 38, 'Lakhai', 'লাখাই', 'lakhai.habiganj.gov.bd'),
(297, 38, 'Chunarughat', 'চুনারুঘাট', 'chunarughat.habiganj.gov.bd'),
(298, 38, 'Habiganj Sadar', 'হবিগঞ্জ সদর', 'habiganjsadar.habiganj.gov.bd'),
(299, 38, 'Madhabpur', 'মাধবপুর', 'madhabpur.habiganj.gov.bd'),
(300, 39, 'Sunamganj Sadar', 'সুনামগঞ্জ সদর', 'sadar.sunamganj.gov.bd'),
(301, 39, 'South Sunamganj', 'দক্ষিণ সুনামগঞ্জ', 'southsunamganj.sunamganj.gov.bd'),
(302, 39, 'Bishwambarpur', 'বিশ্বম্ভরপুর', 'bishwambarpur.sunamganj.gov.bd'),
(303, 39, 'Chhatak', 'ছাতক', 'chhatak.sunamganj.gov.bd'),
(304, 39, 'Jagannathpur', 'জগন্নাথপুর', 'jagannathpur.sunamganj.gov.bd'),
(305, 39, 'Dowarabazar', 'দোয়ারাবাজার', 'dowarabazar.sunamganj.gov.bd'),
(306, 39, 'Tahirpur', 'তাহিরপুর', 'tahirpur.sunamganj.gov.bd'),
(307, 39, 'Dharmapasha', 'ধর্মপাশা', 'dharmapasha.sunamganj.gov.bd'),
(308, 39, 'Jamalganj', 'জামালগঞ্জ', 'jamalganj.sunamganj.gov.bd'),
(309, 39, 'Shalla', 'শাল্লা', 'shalla.sunamganj.gov.bd'),
(310, 39, 'Derai', 'দিরাই', 'derai.sunamganj.gov.bd'),
(311, 40, 'Belabo', 'বেলাবো', 'belabo.narsingdi.gov.bd'),
(312, 40, 'Monohardi', 'মনোহরদী', 'monohardi.narsingdi.gov.bd'),
(313, 40, 'Narsingdi Sadar', 'নরসিংদী সদর', 'narsingdisadar.narsingdi.gov.bd'),
(314, 40, 'Palash', 'পলাশ', 'palash.narsingdi.gov.bd'),
(315, 40, 'Raipura', 'রায়পুরা', 'raipura.narsingdi.gov.bd'),
(316, 40, 'Shibpur', 'শিবপুর', 'shibpur.narsingdi.gov.bd'),
(317, 41, 'Kaliganj', 'কালীগঞ্জ', 'kaliganj.gazipur.gov.bd'),
(318, 41, 'Kaliakair', 'কালিয়াকৈর', 'kaliakair.gazipur.gov.bd'),
(319, 41, 'Kapasia', 'কাপাসিয়া', 'kapasia.gazipur.gov.bd'),
(320, 41, 'Gazipur Sadar', 'গাজীপুর সদর', 'sadar.gazipur.gov.bd'),
(321, 41, 'Sreepur', 'শ্রীপুর', 'sreepur.gazipur.gov.bd'),
(322, 42, 'Shariatpur Sadar', 'শরিয়তপুর সদর', 'sadar.shariatpur.gov.bd'),
(323, 42, 'Naria', 'নড়িয়া', 'naria.shariatpur.gov.bd'),
(324, 42, 'Zajira', 'জাজিরা', 'zajira.shariatpur.gov.bd'),
(325, 42, 'Gosairhat', 'গোসাইরহাট', 'gosairhat.shariatpur.gov.bd'),
(326, 42, 'Bhedarganj', 'ভেদরগঞ্জ', 'bhedarganj.shariatpur.gov.bd'),
(327, 42, 'Damudya', 'ডামুড্যা', 'damudya.shariatpur.gov.bd'),
(328, 43, 'Araihazar', 'আড়াইহাজার', 'araihazar.narayanganj.gov.bd'),
(329, 43, 'Bandar', 'বন্দর', 'bandar.narayanganj.gov.bd'),
(330, 43, 'Narayanganj Sadar', 'নারায়নগঞ্জ সদর', 'narayanganjsadar.narayanganj.gov.bd'),
(331, 43, 'Rupganj', 'রূপগঞ্জ', 'rupganj.narayanganj.gov.bd'),
(332, 43, 'Sonargaon', 'সোনারগাঁ', 'sonargaon.narayanganj.gov.bd'),
(333, 44, 'Basail', 'বাসাইল', 'basail.tangail.gov.bd'),
(334, 44, 'Bhuapur', 'ভুয়াপুর', 'bhuapur.tangail.gov.bd'),
(335, 44, 'Delduar', 'দেলদুয়ার', 'delduar.tangail.gov.bd'),
(336, 44, 'Ghatail', 'ঘাটাইল', 'ghatail.tangail.gov.bd'),
(337, 44, 'Gopalpur', 'গোপালপুর', 'gopalpur.tangail.gov.bd'),
(338, 44, 'Madhupur', 'মধুপুর', 'madhupur.tangail.gov.bd'),
(339, 44, 'Mirzapur', 'মির্জাপুর', 'mirzapur.tangail.gov.bd'),
(340, 44, 'Nagarpur', 'নাগরপুর', 'nagarpur.tangail.gov.bd'),
(341, 44, 'Sakhipur', 'সখিপুর', 'sakhipur.tangail.gov.bd'),
(342, 44, 'Tangail Sadar', 'টাঙ্গাইল সদর', 'tangailsadar.tangail.gov.bd'),
(343, 44, 'Kalihati', 'কালিহাতী', 'kalihati.tangail.gov.bd'),
(344, 44, 'Dhanbari', 'ধনবাড়ী', 'dhanbari.tangail.gov.bd'),
(345, 45, 'Itna', 'ইটনা', 'itna.kishoreganj.gov.bd'),
(346, 45, 'Katiadi', 'কটিয়াদী', 'katiadi.kishoreganj.gov.bd'),
(347, 45, 'Bhairab', 'ভৈরব', 'bhairab.kishoreganj.gov.bd'),
(348, 45, 'Tarail', 'তাড়াইল', 'tarail.kishoreganj.gov.bd'),
(349, 45, 'Hossainpur', 'হোসেনপুর', 'hossainpur.kishoreganj.gov.bd'),
(350, 45, 'Pakundia', 'পাকুন্দিয়া', 'pakundia.kishoreganj.gov.bd'),
(351, 45, 'Kuliarchar', 'কুলিয়ারচর', 'kuliarchar.kishoreganj.gov.bd'),
(352, 45, 'Kishoreganj Sadar', 'কিশোরগঞ্জ সদর', 'kishoreganjsadar.kishoreganj.gov.bd'),
(353, 45, 'Karimgonj', 'করিমগঞ্জ', 'karimgonj.kishoreganj.gov.bd'),
(354, 45, 'Bajitpur', 'বাজিতপুর', 'bajitpur.kishoreganj.gov.bd'),
(355, 45, 'Austagram', 'অষ্টগ্রাম', 'austagram.kishoreganj.gov.bd'),
(356, 45, 'Mithamoin', 'মিঠামইন', 'mithamoin.kishoreganj.gov.bd'),
(357, 45, 'Nikli', 'নিকলী', 'nikli.kishoreganj.gov.bd'),
(358, 46, 'Harirampur', 'হরিরামপুর', 'harirampur.manikganj.gov.bd'),
(359, 46, 'Saturia', 'সাটুরিয়া', 'saturia.manikganj.gov.bd'),
(360, 46, 'Manikganj Sadar', 'মানিকগঞ্জ সদর', 'sadar.manikganj.gov.bd'),
(361, 46, 'Gior', 'ঘিওর', 'gior.manikganj.gov.bd'),
(362, 46, 'Shibaloy', 'শিবালয়', 'shibaloy.manikganj.gov.bd'),
(363, 46, 'Doulatpur', 'দৌলতপুর', 'doulatpur.manikganj.gov.bd'),
(364, 46, 'Singiar', 'সিংগাইর', 'singiar.manikganj.gov.bd'),
(365, 47, 'Savar', 'সাভার', 'savar.dhaka.gov.bd'),
(366, 47, 'Dhamrai', 'ধামরাই', 'dhamrai.dhaka.gov.bd'),
(367, 47, 'Keraniganj', 'কেরাণীগঞ্জ', 'keraniganj.dhaka.gov.bd'),
(368, 47, 'Nawabganj', 'নবাবগঞ্জ', 'nawabganj.dhaka.gov.bd'),
(369, 47, 'Dohar', 'দোহার', 'dohar.dhaka.gov.bd'),
(370, 48, 'Munshiganj Sadar', 'মুন্সিগঞ্জ সদর', 'sadar.munshiganj.gov.bd'),
(371, 48, 'Sreenagar', 'শ্রীনগর', 'sreenagar.munshiganj.gov.bd'),
(372, 48, 'Sirajdikhan', 'সিরাজদিখান', 'sirajdikhan.munshiganj.gov.bd'),
(373, 48, 'Louhajanj', 'লৌহজং', 'louhajanj.munshiganj.gov.bd'),
(374, 48, 'Gajaria', 'গজারিয়া', 'gajaria.munshiganj.gov.bd'),
(375, 48, 'Tongibari', 'টংগীবাড়ি', 'tongibari.munshiganj.gov.bd'),
(376, 49, 'Rajbari Sadar', 'রাজবাড়ী সদর', 'sadar.rajbari.gov.bd'),
(377, 49, 'Goalanda', 'গোয়ালন্দ', 'goalanda.rajbari.gov.bd'),
(378, 49, 'Pangsa', 'পাংশা', 'pangsa.rajbari.gov.bd'),
(379, 49, 'Baliakandi', 'বালিয়াকান্দি', 'baliakandi.rajbari.gov.bd'),
(380, 49, 'Kalukhali', 'কালুখালী', 'kalukhali.rajbari.gov.bd'),
(381, 50, 'Madaripur Sadar', 'মাদারীপুর সদর', 'sadar.madaripur.gov.bd'),
(382, 50, 'Shibchar', 'শিবচর', 'shibchar.madaripur.gov.bd'),
(383, 50, 'Kalkini', 'কালকিনি', 'kalkini.madaripur.gov.bd'),
(384, 50, 'Rajoir', 'রাজৈর', 'rajoir.madaripur.gov.bd'),
(385, 51, 'Gopalganj Sadar', 'গোপালগঞ্জ সদর', 'sadar.gopalganj.gov.bd'),
(386, 51, 'Kashiani', 'কাশিয়ানী', 'kashiani.gopalganj.gov.bd'),
(387, 51, 'Tungipara', 'টুংগীপাড়া', 'tungipara.gopalganj.gov.bd'),
(388, 51, 'Kotalipara', 'কোটালীপাড়া', 'kotalipara.gopalganj.gov.bd'),
(389, 51, 'Muksudpur', 'মুকসুদপুর', 'muksudpur.gopalganj.gov.bd'),
(390, 52, 'Faridpur Sadar', 'ফরিদপুর সদর', 'sadar.faridpur.gov.bd'),
(391, 52, 'Alfadanga', 'আলফাডাঙ্গা', 'alfadanga.faridpur.gov.bd'),
(392, 52, 'Boalmari', 'বোয়ালমারী', 'boalmari.faridpur.gov.bd'),
(393, 52, 'Sadarpur', 'সদরপুর', 'sadarpur.faridpur.gov.bd'),
(394, 52, 'Nagarkanda', 'নগরকান্দা', 'nagarkanda.faridpur.gov.bd'),
(395, 52, 'Bhanga', 'ভাঙ্গা', 'bhanga.faridpur.gov.bd'),
(396, 52, 'Charbhadrasan', 'চরভদ্রাসন', 'charbhadrasan.faridpur.gov.bd'),
(397, 52, 'Madhukhali', 'মধুখালী', 'madhukhali.faridpur.gov.bd'),
(398, 52, 'Saltha', 'সালথা', 'saltha.faridpur.gov.bd'),
(399, 53, 'Panchagarh Sadar', 'পঞ্চগড় সদর', 'panchagarhsadar.panchagarh.gov.bd'),
(400, 53, 'Debiganj', 'দেবীগঞ্জ', 'debiganj.panchagarh.gov.bd'),
(401, 53, 'Boda', 'বোদা', 'boda.panchagarh.gov.bd'),
(402, 53, 'Atwari', 'আটোয়ারী', 'atwari.panchagarh.gov.bd'),
(403, 53, 'Tetulia', 'তেতুলিয়া', 'tetulia.panchagarh.gov.bd'),
(404, 54, 'Nawabganj', 'নবাবগঞ্জ', 'nawabganj.dinajpur.gov.bd'),
(405, 54, 'Birganj', 'বীরগঞ্জ', 'birganj.dinajpur.gov.bd'),
(406, 54, 'Ghoraghat', 'ঘোড়াঘাট', 'ghoraghat.dinajpur.gov.bd'),
(407, 54, 'Birampur', 'বিরামপুর', 'birampur.dinajpur.gov.bd'),
(408, 54, 'Parbatipur', 'পার্বতীপুর', 'parbatipur.dinajpur.gov.bd'),
(409, 54, 'Bochaganj', 'বোচাগঞ্জ', 'bochaganj.dinajpur.gov.bd'),
(410, 54, 'Kaharol', 'কাহারোল', 'kaharol.dinajpur.gov.bd'),
(411, 54, 'Fulbari', 'ফুলবাড়ী', 'fulbari.dinajpur.gov.bd'),
(412, 54, 'Dinajpur Sadar', 'দিনাজপুর সদর', 'dinajpursadar.dinajpur.gov.bd'),
(413, 54, 'Hakimpur', 'হাকিমপুর', 'hakimpur.dinajpur.gov.bd'),
(414, 54, 'Khansama', 'খানসামা', 'khansama.dinajpur.gov.bd'),
(415, 54, 'Birol', 'বিরল', 'birol.dinajpur.gov.bd'),
(416, 54, 'Chirirbandar', 'চিরিরবন্দর', 'chirirbandar.dinajpur.gov.bd'),
(417, 55, 'Lalmonirhat Sadar', 'লালমনিরহাট সদর', 'sadar.lalmonirhat.gov.bd'),
(418, 55, 'Kaliganj', 'কালীগঞ্জ', 'kaliganj.lalmonirhat.gov.bd'),
(419, 55, 'Hatibandha', 'হাতীবান্ধা', 'hatibandha.lalmonirhat.gov.bd'),
(420, 55, 'Patgram', 'পাটগ্রাম', 'patgram.lalmonirhat.gov.bd'),
(421, 55, 'Aditmari', 'আদিতমারী', 'aditmari.lalmonirhat.gov.bd'),
(422, 56, 'Syedpur', 'সৈয়দপুর', 'syedpur.nilphamari.gov.bd'),
(423, 56, 'Domar', 'ডোমার', 'domar.nilphamari.gov.bd'),
(424, 56, 'Dimla', 'ডিমলা', 'dimla.nilphamari.gov.bd'),
(425, 56, 'Jaldhaka', 'জলঢাকা', 'jaldhaka.nilphamari.gov.bd'),
(426, 56, 'Kishorganj', 'কিশোরগঞ্জ', 'kishorganj.nilphamari.gov.bd'),
(427, 56, 'Nilphamari Sadar', 'নীলফামারী সদর', 'nilphamarisadar.nilphamari.gov.bd'),
(428, 57, 'Sadullapur', 'সাদুল্লাপুর', 'sadullapur.gaibandha.gov.bd'),
(429, 57, 'Gaibandha Sadar', 'গাইবান্ধা সদর', 'gaibandhasadar.gaibandha.gov.bd'),
(430, 57, 'Palashbari', 'পলাশবাড়ী', 'palashbari.gaibandha.gov.bd'),
(431, 57, 'Saghata', 'সাঘাটা', 'saghata.gaibandha.gov.bd'),
(432, 57, 'Gobindaganj', 'গোবিন্দগঞ্জ', 'gobindaganj.gaibandha.gov.bd'),
(433, 57, 'Sundarganj', 'সুন্দরগঞ্জ', 'sundarganj.gaibandha.gov.bd'),
(434, 57, 'Phulchari', 'ফুলছড়ি', 'phulchari.gaibandha.gov.bd'),
(435, 58, 'Thakurgaon Sadar', 'ঠাকুরগাঁও সদর', 'thakurgaonsadar.thakurgaon.gov.bd'),
(436, 58, 'Pirganj', 'পীরগঞ্জ', 'pirganj.thakurgaon.gov.bd'),
(437, 58, 'Ranisankail', 'রাণীশংকৈল', 'ranisankail.thakurgaon.gov.bd'),
(438, 58, 'Haripur', 'হরিপুর', 'haripur.thakurgaon.gov.bd'),
(439, 58, 'Baliadangi', 'বালিয়াডাঙ্গী', 'baliadangi.thakurgaon.gov.bd'),
(440, 59, 'Rangpur Sadar', 'রংপুর সদর', 'rangpursadar.rangpur.gov.bd'),
(441, 59, 'Gangachara', 'গংগাচড়া', 'gangachara.rangpur.gov.bd'),
(442, 59, 'Taragonj', 'তারাগঞ্জ', 'taragonj.rangpur.gov.bd'),
(443, 59, 'Badargonj', 'বদরগঞ্জ', 'badargonj.rangpur.gov.bd'),
(444, 59, 'Mithapukur', 'মিঠাপুকুর', 'mithapukur.rangpur.gov.bd'),
(445, 59, 'Pirgonj', 'পীরগঞ্জ', 'pirgonj.rangpur.gov.bd'),
(446, 59, 'Kaunia', 'কাউনিয়া', 'kaunia.rangpur.gov.bd'),
(447, 59, 'Pirgacha', 'পীরগাছা', 'pirgacha.rangpur.gov.bd'),
(448, 60, 'Kurigram Sadar', 'কুড়িগ্রাম সদর', 'kurigramsadar.kurigram.gov.bd'),
(449, 60, 'Nageshwari', 'নাগেশ্বরী', 'nageshwari.kurigram.gov.bd'),
(450, 60, 'Bhurungamari', 'ভুরুঙ্গামারী', 'bhurungamari.kurigram.gov.bd'),
(451, 60, 'Phulbari', 'ফুলবাড়ী', 'phulbari.kurigram.gov.bd'),
(452, 60, 'Rajarhat', 'রাজারহাট', 'rajarhat.kurigram.gov.bd'),
(453, 60, 'Ulipur', 'উলিপুর', 'ulipur.kurigram.gov.bd'),
(454, 60, 'Chilmari', 'চিলমারী', 'chilmari.kurigram.gov.bd'),
(455, 60, 'Rowmari', 'রৌমারী', 'rowmari.kurigram.gov.bd'),
(456, 60, 'Charrajibpur', 'চর রাজিবপুর', 'charrajibpur.kurigram.gov.bd'),
(457, 61, 'Sherpur Sadar', 'শেরপুর সদর', 'sherpursadar.sherpur.gov.bd'),
(458, 61, 'Nalitabari', 'নালিতাবাড়ী', 'nalitabari.sherpur.gov.bd'),
(459, 61, 'Sreebordi', 'শ্রীবরদী', 'sreebordi.sherpur.gov.bd'),
(460, 61, 'Nokla', 'নকলা', 'nokla.sherpur.gov.bd'),
(461, 61, 'Jhenaigati', 'ঝিনাইগাতী', 'jhenaigati.sherpur.gov.bd'),
(462, 62, 'Fulbaria', 'ফুলবাড়ীয়া', 'fulbaria.mymensingh.gov.bd'),
(463, 62, 'Trishal', 'ত্রিশাল', 'trishal.mymensingh.gov.bd'),
(464, 62, 'Bhaluka', 'ভালুকা', 'bhaluka.mymensingh.gov.bd'),
(465, 62, 'Muktagacha', 'মুক্তাগাছা', 'muktagacha.mymensingh.gov.bd'),
(466, 62, 'Mymensingh Sadar', 'ময়মনসিংহ সদর', 'mymensinghsadar.mymensingh.gov.bd'),
(467, 62, 'Dhobaura', 'ধোবাউড়া', 'dhobaura.mymensingh.gov.bd'),
(468, 62, 'Phulpur', 'ফুলপুর', 'phulpur.mymensingh.gov.bd'),
(469, 62, 'Haluaghat', 'হালুয়াঘাট', 'haluaghat.mymensingh.gov.bd'),
(470, 62, 'Gouripur', 'গৌরীপুর', 'gouripur.mymensingh.gov.bd'),
(471, 62, 'Gafargaon', 'গফরগাঁও', 'gafargaon.mymensingh.gov.bd'),
(472, 62, 'Iswarganj', 'ঈশ্বরগঞ্জ', 'iswarganj.mymensingh.gov.bd'),
(473, 62, 'Nandail', 'নান্দাইল', 'nandail.mymensingh.gov.bd'),
(474, 62, 'Tarakanda', 'তারাকান্দা', 'tarakanda.mymensingh.gov.bd'),
(475, 63, 'Jamalpur Sadar', 'জামালপুর সদর', 'jamalpursadar.jamalpur.gov.bd'),
(476, 63, 'Melandah', 'মেলান্দহ', 'melandah.jamalpur.gov.bd'),
(477, 63, 'Islampur', 'ইসলামপুর', 'islampur.jamalpur.gov.bd'),
(478, 63, 'Dewangonj', 'দেওয়ানগঞ্জ', 'dewangonj.jamalpur.gov.bd'),
(479, 63, 'Sarishabari', 'সরিষাবাড়ী', 'sarishabari.jamalpur.gov.bd'),
(480, 63, 'Madarganj', 'মাদারগঞ্জ', 'madarganj.jamalpur.gov.bd'),
(481, 63, 'Bokshiganj', 'বকশীগঞ্জ', 'bokshiganj.jamalpur.gov.bd'),
(482, 64, 'Barhatta', 'বারহাট্টা', 'barhatta.netrokona.gov.bd'),
(483, 64, 'Durgapur', 'দুর্গাপুর', 'durgapur.netrokona.gov.bd'),
(484, 64, 'Kendua', 'কেন্দুয়া', 'kendua.netrokona.gov.bd'),
(485, 64, 'Atpara', 'আটপাড়া', 'atpara.netrokona.gov.bd'),
(486, 64, 'Madan', 'মদন', 'madan.netrokona.gov.bd'),
(487, 64, 'Khaliajuri', 'খালিয়াজুরী', 'khaliajuri.netrokona.gov.bd'),
(488, 64, 'Kalmakanda', 'কলমাকান্দা', 'kalmakanda.netrokona.gov.bd'),
(489, 64, 'Mohongonj', 'মোহনগঞ্জ', 'mohongonj.netrokona.gov.bd'),
(490, 64, 'Purbadhala', 'পূর্বধলা', 'purbadhala.netrokona.gov.bd'),
(491, 64, 'Netrokona Sadar', 'নেত্রকোণা সদর', 'netrokonasadar.netrokona.gov.bd');

-- --------------------------------------------------------

--
-- Table structure for table `users`
--

CREATE TABLE `users` (
  `id` bigint(20) UNSIGNED NOT NULL,
  `fname` varchar(255) COLLATE utf8mb4_unicode_ci NOT NULL,
  `lname` varchar(255) COLLATE utf8mb4_unicode_ci NOT NULL,
  `username` varchar(255) COLLATE utf8mb4_unicode_ci NOT NULL,
  `phone` int(11) NOT NULL,
  `email` varchar(255) COLLATE utf8mb4_unicode_ci NOT NULL,
  `email_verified_at` timestamp NULL DEFAULT NULL,
  `password` varchar(255) COLLATE utf8mb4_unicode_ci NOT NULL,
  `remember_token` varchar(100) COLLATE utf8mb4_unicode_ci DEFAULT NULL,
  `created_at` timestamp NULL DEFAULT NULL,
  `updated_at` timestamp NULL DEFAULT NULL
) ENGINE=InnoDB DEFAULT CHARSET=utf8mb4 COLLATE=utf8mb4_unicode_ci;

--
-- Dumping data for table `users`
--

INSERT INTO `users` (`id`, `fname`, `lname`, `username`, `phone`, `email`, `email_verified_at`, `password`, `remember_token`, `created_at`, `updated_at`) VALUES
(1, 'Lila', 'Sanders', 'resicalo', 1775484658, 'kilux@mailinator.com', NULL, '$2y$10$pmb5/GAjl5h0sKsFxZfs2OPYb4pzS4MZ/kdldXYqjg9Bl823llxrm', NULL, '2022-09-29 20:06:33', '2022-09-29 20:06:33'),
(2, 'Ferris', 'Jennings', 'Sohel Rana', 1758896523, 'sohel@gmail.com', NULL, '$2y$10$VwEyId3GxytSO6BUOdNQJOSbp.B7FH7tQHsc6t3WwKbhl2LcYWSzC', 'p7hQ1690gCSaHqYHxX4eT66xq6VPwMovj72WQqaeFhYdwaoh0cBVBgtRp9rB', '2022-10-10 11:36:50', '2022-10-10 11:36:50'),
(3, 'Micah', 'Russell', 'xusowyhoz', 1758458521, 'user@gmail.com', NULL, '$2y$10$h50q0KigLsjskTL7WxlHhOWE3tFGfOBsZV67JHvl0ZHfk2gYFtjky', NULL, '2022-11-08 05:34:56', '2022-11-08 05:34:56');

--
-- Indexes for dumped tables
--

--
-- Indexes for table `admins`
--
ALTER TABLE `admins`
  ADD PRIMARY KEY (`id`),
  ADD UNIQUE KEY `admins_username_unique` (`username`),
  ADD UNIQUE KEY `admins_phone_unique` (`phone`),
  ADD UNIQUE KEY `admins_email_unique` (`email`);

--
-- Indexes for table `banners`
--
ALTER TABLE `banners`
  ADD PRIMARY KEY (`id`);

--
-- Indexes for table `brands`
--
ALTER TABLE `brands`
  ADD PRIMARY KEY (`id`);

--
-- Indexes for table `carts`
--
ALTER TABLE `carts`
  ADD PRIMARY KEY (`id`),
  ADD KEY `carts_user_id_foreign` (`user_id`),
  ADD KEY `carts_product_id_foreign` (`product_id`);

--
-- Indexes for table `categories`
--
ALTER TABLE `categories`
  ADD PRIMARY KEY (`id`);

--
-- Indexes for table `colors`
--
ALTER TABLE `colors`
  ADD PRIMARY KEY (`id`);

--
-- Indexes for table `contact_info_widgets`
--
ALTER TABLE `contact_info_widgets`
  ADD PRIMARY KEY (`id`);

--
-- Indexes for table `copyrights`
--
ALTER TABLE `copyrights`
  ADD PRIMARY KEY (`id`);

--
-- Indexes for table `coupons`
--
ALTER TABLE `coupons`
  ADD PRIMARY KEY (`id`);

--
-- Indexes for table `districts`
--
ALTER TABLE `districts`
  ADD PRIMARY KEY (`id`),
  ADD KEY `division_id` (`division_id`);

--
-- Indexes for table `divisions`
--
ALTER TABLE `divisions`
  ADD PRIMARY KEY (`id`);

--
-- Indexes for table `failed_jobs`
--
ALTER TABLE `failed_jobs`
  ADD PRIMARY KEY (`id`),
  ADD UNIQUE KEY `failed_jobs_uuid_unique` (`uuid`);

--
-- Indexes for table `header_settings`
--
ALTER TABLE `header_settings`
  ADD PRIMARY KEY (`id`);

--
-- Indexes for table `migrations`
--
ALTER TABLE `migrations`
  ADD PRIMARY KEY (`id`);

--
-- Indexes for table `orders`
--
ALTER TABLE `orders`
  ADD PRIMARY KEY (`id`),
  ADD KEY `orders_user_id_foreign` (`user_id`);

--
-- Indexes for table `order_billing_details`
--
ALTER TABLE `order_billing_details`
  ADD PRIMARY KEY (`id`),
  ADD KEY `order_billing_details_order_id_foreign` (`order_id`);

--
-- Indexes for table `order_product_details`
--
ALTER TABLE `order_product_details`
  ADD PRIMARY KEY (`id`),
  ADD KEY `order_product_details_order_id_foreign` (`order_id`),
  ADD KEY `order_product_details_product_id_foreign` (`product_id`);

--
-- Indexes for table `password_resets`
--
ALTER TABLE `password_resets`
  ADD KEY `password_resets_email_index` (`email`);

--
-- Indexes for table `personal_access_tokens`
--
ALTER TABLE `personal_access_tokens`
  ADD PRIMARY KEY (`id`),
  ADD UNIQUE KEY `personal_access_tokens_token_unique` (`token`),
  ADD KEY `personal_access_tokens_tokenable_type_tokenable_id_index` (`tokenable_type`,`tokenable_id`);

--
-- Indexes for table `products`
--
ALTER TABLE `products`
  ADD PRIMARY KEY (`id`);

--
-- Indexes for table `product_galleries`
--
ALTER TABLE `product_galleries`
  ADD PRIMARY KEY (`id`);

--
-- Indexes for table `product_variations`
--
ALTER TABLE `product_variations`
  ADD PRIMARY KEY (`id`);

--
-- Indexes for table `sizes`
--
ALTER TABLE `sizes`
  ADD PRIMARY KEY (`id`);

--
-- Indexes for table `sslorders`
--
ALTER TABLE `sslorders`
  ADD PRIMARY KEY (`id`);

--
-- Indexes for table `stay_informeds`
--
ALTER TABLE `stay_informeds`
  ADD PRIMARY KEY (`id`);

--
-- Indexes for table `subcategories`
--
ALTER TABLE `subcategories`
  ADD PRIMARY KEY (`id`);

--
-- Indexes for table `upazilas`
--
ALTER TABLE `upazilas`
  ADD PRIMARY KEY (`id`),
  ADD KEY `district_id` (`district_id`);

--
-- Indexes for table `users`
--
ALTER TABLE `users`
  ADD PRIMARY KEY (`id`),
  ADD UNIQUE KEY `users_username_unique` (`username`),
  ADD UNIQUE KEY `users_phone_unique` (`phone`),
  ADD UNIQUE KEY `users_email_unique` (`email`);

--
-- AUTO_INCREMENT for dumped tables
--

--
-- AUTO_INCREMENT for table `admins`
--
ALTER TABLE `admins`
  MODIFY `id` bigint(20) UNSIGNED NOT NULL AUTO_INCREMENT, AUTO_INCREMENT=2;

--
-- AUTO_INCREMENT for table `banners`
--
ALTER TABLE `banners`
  MODIFY `id` bigint(20) UNSIGNED NOT NULL AUTO_INCREMENT, AUTO_INCREMENT=5;

--
-- AUTO_INCREMENT for table `brands`
--
ALTER TABLE `brands`
  MODIFY `id` bigint(20) UNSIGNED NOT NULL AUTO_INCREMENT, AUTO_INCREMENT=26;

--
-- AUTO_INCREMENT for table `carts`
--
ALTER TABLE `carts`
  MODIFY `id` bigint(20) UNSIGNED NOT NULL AUTO_INCREMENT, AUTO_INCREMENT=31;

--
-- AUTO_INCREMENT for table `categories`
--
ALTER TABLE `categories`
  MODIFY `id` bigint(20) UNSIGNED NOT NULL AUTO_INCREMENT, AUTO_INCREMENT=8;

--
-- AUTO_INCREMENT for table `colors`
--
ALTER TABLE `colors`
  MODIFY `id` bigint(20) UNSIGNED NOT NULL AUTO_INCREMENT, AUTO_INCREMENT=19;

--
-- AUTO_INCREMENT for table `contact_info_widgets`
--
ALTER TABLE `contact_info_widgets`
  MODIFY `id` bigint(20) UNSIGNED NOT NULL AUTO_INCREMENT, AUTO_INCREMENT=3;

--
-- AUTO_INCREMENT for table `copyrights`
--
ALTER TABLE `copyrights`
  MODIFY `id` bigint(20) UNSIGNED NOT NULL AUTO_INCREMENT, AUTO_INCREMENT=2;

--
-- AUTO_INCREMENT for table `coupons`
--
ALTER TABLE `coupons`
  MODIFY `id` bigint(20) UNSIGNED NOT NULL AUTO_INCREMENT, AUTO_INCREMENT=7;

--
-- AUTO_INCREMENT for table `districts`
--
ALTER TABLE `districts`
  MODIFY `id` int(2) NOT NULL AUTO_INCREMENT, AUTO_INCREMENT=65;

--
-- AUTO_INCREMENT for table `divisions`
--
ALTER TABLE `divisions`
  MODIFY `id` int(1) NOT NULL AUTO_INCREMENT, AUTO_INCREMENT=9;

--
-- AUTO_INCREMENT for table `failed_jobs`
--
ALTER TABLE `failed_jobs`
  MODIFY `id` bigint(20) UNSIGNED NOT NULL AUTO_INCREMENT;

--
-- AUTO_INCREMENT for table `header_settings`
--
ALTER TABLE `header_settings`
  MODIFY `id` bigint(20) UNSIGNED NOT NULL AUTO_INCREMENT, AUTO_INCREMENT=5;

--
-- AUTO_INCREMENT for table `migrations`
--
ALTER TABLE `migrations`
  MODIFY `id` int(10) UNSIGNED NOT NULL AUTO_INCREMENT, AUTO_INCREMENT=66;

--
-- AUTO_INCREMENT for table `orders`
--
ALTER TABLE `orders`
  MODIFY `id` bigint(20) UNSIGNED NOT NULL AUTO_INCREMENT, AUTO_INCREMENT=2;

--
-- AUTO_INCREMENT for table `order_billing_details`
--
ALTER TABLE `order_billing_details`
  MODIFY `id` bigint(20) UNSIGNED NOT NULL AUTO_INCREMENT, AUTO_INCREMENT=2;

--
-- AUTO_INCREMENT for table `order_product_details`
--
ALTER TABLE `order_product_details`
  MODIFY `id` bigint(20) UNSIGNED NOT NULL AUTO_INCREMENT, AUTO_INCREMENT=3;

--
-- AUTO_INCREMENT for table `personal_access_tokens`
--
ALTER TABLE `personal_access_tokens`
  MODIFY `id` bigint(20) UNSIGNED NOT NULL AUTO_INCREMENT;

--
-- AUTO_INCREMENT for table `products`
--
ALTER TABLE `products`
  MODIFY `id` bigint(20) UNSIGNED NOT NULL AUTO_INCREMENT, AUTO_INCREMENT=13;

--
-- AUTO_INCREMENT for table `product_galleries`
--
ALTER TABLE `product_galleries`
  MODIFY `id` bigint(20) UNSIGNED NOT NULL AUTO_INCREMENT, AUTO_INCREMENT=68;

--
-- AUTO_INCREMENT for table `product_variations`
--
ALTER TABLE `product_variations`
  MODIFY `id` bigint(20) UNSIGNED NOT NULL AUTO_INCREMENT, AUTO_INCREMENT=7;

--
-- AUTO_INCREMENT for table `sizes`
--
ALTER TABLE `sizes`
  MODIFY `id` bigint(20) UNSIGNED NOT NULL AUTO_INCREMENT, AUTO_INCREMENT=16;

--
-- AUTO_INCREMENT for table `sslorders`
--
ALTER TABLE `sslorders`
  MODIFY `id` int(11) NOT NULL AUTO_INCREMENT, AUTO_INCREMENT=3;

--
-- AUTO_INCREMENT for table `stay_informeds`
--
ALTER TABLE `stay_informeds`
  MODIFY `id` bigint(20) UNSIGNED NOT NULL AUTO_INCREMENT, AUTO_INCREMENT=2;

--
-- AUTO_INCREMENT for table `subcategories`
--
ALTER TABLE `subcategories`
  MODIFY `id` bigint(20) UNSIGNED NOT NULL AUTO_INCREMENT, AUTO_INCREMENT=15;

--
-- AUTO_INCREMENT for table `upazilas`
--
ALTER TABLE `upazilas`
  MODIFY `id` int(3) NOT NULL AUTO_INCREMENT, AUTO_INCREMENT=492;

--
-- AUTO_INCREMENT for table `users`
--
ALTER TABLE `users`
  MODIFY `id` bigint(20) UNSIGNED NOT NULL AUTO_INCREMENT, AUTO_INCREMENT=5;

--
-- Constraints for dumped tables
--

--
-- Constraints for table `carts`
--
ALTER TABLE `carts`
  ADD CONSTRAINT `carts_product_id_foreign` FOREIGN KEY (`product_id`) REFERENCES `products` (`id`),
  ADD CONSTRAINT `carts_user_id_foreign` FOREIGN KEY (`user_id`) REFERENCES `users` (`id`) ON DELETE CASCADE;

--
-- Constraints for table `districts`
--
ALTER TABLE `districts`
  ADD CONSTRAINT `districts_ibfk_2` FOREIGN KEY (`division_id`) REFERENCES `divisions` (`id`) ON DELETE CASCADE ON UPDATE CASCADE;

--
-- Constraints for table `orders`
--
ALTER TABLE `orders`
  ADD CONSTRAINT `orders_user_id_foreign` FOREIGN KEY (`user_id`) REFERENCES `users` (`id`);

--
-- Constraints for table `order_billing_details`
--
ALTER TABLE `order_billing_details`
  ADD CONSTRAINT `order_billing_details_order_id_foreign` FOREIGN KEY (`order_id`) REFERENCES `orders` (`id`);

--
-- Constraints for table `order_product_details`
--
ALTER TABLE `order_product_details`
  ADD CONSTRAINT `order_product_details_order_id_foreign` FOREIGN KEY (`order_id`) REFERENCES `orders` (`id`) ON DELETE CASCADE,
  ADD CONSTRAINT `order_product_details_product_id_foreign` FOREIGN KEY (`product_id`) REFERENCES `products` (`id`) ON DELETE CASCADE;

--
-- Constraints for table `upazilas`
--
ALTER TABLE `upazilas`
  ADD CONSTRAINT `upazilas_ibfk_2` FOREIGN KEY (`district_id`) REFERENCES `districts` (`id`) ON DELETE CASCADE ON UPDATE CASCADE;
COMMIT;

/*!40101 SET CHARACTER_SET_CLIENT=@OLD_CHARACTER_SET_CLIENT */;
/*!40101 SET CHARACTER_SET_RESULTS=@OLD_CHARACTER_SET_RESULTS */;
/*!40101 SET COLLATION_CONNECTION=@OLD_COLLATION_CONNECTION */;
